"Y","A","V1","V2","V3","V4","V5","V6","V7","V8","V9","V10","V11","V12","V13","V14","V15","V16","V17","V18","V19","V20","V21","V22","V23","V24","V25","V26","V27","V28","V29","V30","V31"
0.854493654328056,0,0,0,1,0,0,3,3,0,4,0,1,1,1,0,1,0,0,0,1,1,0,3,2,3,0,0,2,4,-1,10,10
-1.37093574779354,1,0,0,1,0,1,0,0,0,2,0,0,0,1,0,0,1,0,0,0,1,1,4,2,2,0,0,2,2,8,10,10
-1.97430582371948,0,0,0,1,1,1,0,0,0,2,2,1,0,1,0,1,0,0,0,1,1,1,3,2,1,1,2,2,6,11,12,11
-2.94862824935782,1,0,0,1,0,1,3,1,1,3,1,1,0,2,0,0,1,0,1,1,1,1,2,1,1,0,0,4,0,13,13,13
-2.4951945523956,1,0,0,1,0,1,2,2,2,2,1,0,0,1,0,0,1,0,0,1,1,0,3,2,1,0,1,4,0,10,12,12
-0.792659638236509,0,0,1,1,1,1,3,2,3,2,3,1,0,1,0,0,1,0,1,1,1,1,4,3,1,0,1,4,6,11,11,12
-2.00824543353261,1,0,1,1,1,1,1,1,2,2,1,1,0,1,0,0,0,0,0,1,1,1,3,3,3,0,0,2,0,12,11,12
-0.950110120207927,1,0,0,1,0,0,3,3,2,4,1,1,1,1,0,1,1,0,0,1,1,0,3,0,3,0,0,0,2,9,12,12
1.45552219903802,0,0,1,1,1,0,2,1,3,2,1,1,0,1,0,0,1,0,0,1,1,1,3,1,1,0,0,0,0,14,15,16
1.22636796117467,0,0,1,1,0,1,2,3,2,2,1,1,0,1,0,0,1,0,1,1,1,1,4,4,0,0,0,4,0,11,11,12
-1.10665167919463,0,0,0,1,0,1,3,3,4,1,3,1,0,1,0,0,1,0,0,1,1,1,2,2,2,0,1,1,2,13,13,13
-3.50229475977327,1,0,0,1,0,1,1,0,3,2,3,0,2,2,0,0,1,0,1,1,1,1,4,1,1,0,0,3,0,9,11,12
1.24008379783701,0,0,1,1,1,1,3,3,1,3,0,0,0,0,0,0,1,0,1,1,1,1,3,2,2,0,2,4,0,11,12,11
0.113445750993433,0,0,1,1,0,1,3,2,4,2,0,1,1,1,0,0,1,0,0,1,1,1,4,3,2,0,1,2,0,11,11,12
0.052299009046059,1,0,1,1,0,0,1,1,2,2,1,2,0,2,0,0,1,0,0,1,1,1,3,4,1,0,0,2,0,13,13,14
0.349198247277535,0,0,0,1,0,1,3,3,1,2,1,1,0,0,0,0,1,0,0,1,1,1,3,3,3,0,1,1,6,16,16,16
-0.251515093095745,0,0,0,1,0,1,3,3,3,3,3,1,0,2,0,0,1,0,1,1,1,1,2,1,2,0,1,1,10,12,12,13
-1.79941600901161,0,0,0,1,0,1,2,2,2,2,3,1,2,1,0,1,1,0,1,1,1,0,4,2,1,0,0,3,2,12,13,13
-0.526722839065782,1,0,1,1,0,1,2,1,3,3,0,1,0,0,3,0,1,1,1,1,1,1,4,4,4,1,3,4,2,7,7,6
1.28723952226812,0,0,1,1,1,1,3,2,1,2,1,0,0,0,0,0,0,0,1,1,1,1,2,0,2,0,2,4,6,11,11,11
-2.4876426057514,1,0,1,1,0,1,3,2,4,2,3,1,0,1,0,0,0,0,0,1,1,1,3,3,0,0,0,0,0,11,12,13
1.04596345804845,0,0,1,1,0,1,3,3,1,1,2,0,0,0,0,0,1,1,0,1,1,1,4,3,1,0,0,4,0,10,11,11
-1.29476645896848,0,0,1,1,1,1,3,1,4,2,0,1,0,1,0,0,0,0,1,1,1,1,3,4,0,0,2,4,0,11,12,13
0.768413549004417,0,0,1,1,1,1,1,1,2,2,3,1,1,1,0,0,1,0,1,1,1,1,4,3,3,1,3,4,2,9,9,9
-0.948772054397732,1,0,0,0,0,1,1,3,3,1,0,1,0,2,0,1,1,0,1,1,1,1,3,2,1,0,0,4,2,9,10,9
-0.833915240200999,1,0,0,1,0,1,1,1,3,3,1,1,0,0,0,0,1,0,0,0,1,1,0,1,1,0,2,4,6,9,10,11
0.391434055000621,0,0,1,1,0,1,1,1,2,2,1,1,0,0,0,0,1,0,0,1,1,1,3,1,1,0,1,4,8,10,11,11
-0.611904214722852,0,0,1,1,0,1,3,1,1,3,2,1,0,0,0,0,0,0,0,1,1,1,1,1,3,1,3,0,0,10,10,10
-2.82140198589127,1,0,1,1,1,0,2,3,3,2,1,1,0,1,0,1,1,1,1,1,1,1,4,2,2,0,0,4,2,11,11,12
-1.73948322640398,1,0,1,1,0,1,3,3,4,4,1,1,0,1,0,0,1,1,1,1,1,1,3,3,4,4,4,4,4,11,10,11
-0.134256658092247,0,0,1,1,0,1,3,3,1,3,1,1,0,1,0,0,1,1,0,0,1,1,4,3,1,2,3,4,0,9,10,10
-0.989136540089179,0,0,1,1,0,1,3,3,3,3,3,1,1,1,0,0,1,0,1,1,1,1,3,2,0,0,0,4,2,14,14,14
-0.24761738087199,0,0,1,0,0,1,3,2,4,0,0,1,0,1,0,0,1,0,1,1,1,1,3,4,1,0,0,4,0,12,13,14
0.30478982134699,0,0,1,1,1,1,2,2,2,2,0,1,0,1,0,0,0,0,1,0,1,1,4,2,1,0,0,1,0,12,11,11
-0.34695801547469,1,0,1,1,0,1,2,1,2,2,1,1,0,0,0,0,1,0,0,0,1,1,4,3,2,0,0,4,4,11,11,11
0.723659923366582,0,0,0,1,0,1,1,2,2,2,2,0,1,0,0,0,1,0,1,1,1,0,2,4,0,0,0,4,4,10,10,10
-2.34309983035738,1,0,1,1,1,1,3,2,4,3,1,1,0,2,0,0,1,0,1,1,1,1,4,3,2,0,0,3,0,13,13,13
-0.851391835454372,0,0,1,0,0,0,3,3,2,4,3,1,1,2,0,0,1,0,1,1,1,1,1,3,2,0,0,4,4,12,12,12
0.217947818501728,0,0,0,0,0,1,2,3,3,1,0,1,0,2,0,1,1,0,1,1,1,1,3,2,1,0,0,4,2,10,11,11
0.736835607963067,0,0,0,0,0,1,1,1,0,2,3,1,0,0,0,1,1,0,1,1,1,0,3,2,0,0,0,1,8,13,12,11
-0.254290671748348,1,0,0,1,1,1,1,1,2,2,1,1,1,1,0,0,1,0,1,0,1,1,2,2,2,0,1,2,16,10,10,9
-0.901380646563368,0,0,1,1,1,1,3,3,4,2,1,2,0,0,0,0,1,0,0,0,1,1,4,3,2,1,3,4,8,9,10,10
-0.902655712279157,0,0,1,1,0,1,3,3,3,4,0,0,0,1,0,0,1,0,1,1,1,1,3,2,2,0,0,4,0,13,14,14
-1.88241943091681,1,0,1,1,0,1,1,1,3,3,0,0,0,0,0,1,1,0,0,1,1,1,4,3,0,0,0,0,0,8,9,9
-1.22776985488154,0,0,0,1,1,1,1,1,2,0,0,0,1,1,1,1,0,0,1,1,1,1,3,2,2,1,1,4,14,9,10,10
-1.98935288668198,1,0,0,1,1,0,3,2,2,2,0,1,0,1,0,1,1,1,1,1,1,1,4,1,1,0,0,4,4,9,10,10
1.55112707721294,0,0,0,1,1,0,2,2,2,3,1,1,0,1,0,0,1,0,0,1,1,1,1,2,4,0,3,2,6,12,11,12
-0.34438122866533,0,0,1,1,0,1,3,2,1,3,3,1,0,3,0,0,0,0,1,1,1,1,3,1,1,0,0,1,2,16,16,16
-3.36750718339682,1,0,1,1,0,1,3,1,4,2,1,1,0,1,0,0,1,0,0,1,1,0,3,2,2,1,1,4,4,10,11,12
-2.92734543614704,0,0,0,1,0,1,3,3,3,4,2,0,0,1,0,1,1,0,1,0,1,1,3,3,3,0,0,2,2,12,11,11
1.50452714366558,0,0,0,1,1,1,1,1,3,3,0,1,2,1,0,0,1,0,0,1,1,1,3,2,2,1,2,3,0,13,12,12
-1.6491192247802,1,0,0,1,1,1,3,1,1,2,2,1,0,1,0,0,1,0,0,1,1,1,3,2,2,0,0,4,0,15,13,15
-0.300626891924921,0,0,1,1,1,0,3,1,1,1,2,0,1,0,0,0,0,0,0,1,1,0,4,4,4,2,3,4,4,9,8,8
-0.552343081792385,0,0,0,1,0,1,3,3,3,3,0,1,0,0,0,1,1,0,0,1,1,1,2,2,3,1,2,4,0,12,11,11
-0.286084993967211,0,0,0,1,1,0,2,2,2,2,2,1,0,0,0,0,0,0,0,1,1,1,4,2,3,3,3,0,0,12,11,12
-0.347816817400465,1,0,0,1,0,0,1,0,2,2,2,1,0,1,0,0,0,0,1,1,1,1,4,2,3,0,0,1,2,11,12,11
0.510282329583126,0,0,0,1,0,0,3,2,3,3,3,1,0,1,0,0,1,0,1,1,1,1,3,2,1,0,0,0,0,14,13,14
-1.36065250848763,0,0,1,1,0,1,3,3,4,1,3,1,0,1,0,0,1,0,1,1,1,0,2,1,1,0,0,4,8,14,14,15
-1.04763470139243,0,0,1,1,1,1,0,1,2,0,1,0,0,1,0,1,1,0,1,1,1,1,3,2,1,0,0,4,0,13,12,13
-0.115457383209142,1,0,0,1,0,1,3,1,3,2,0,1,0,1,0,0,1,1,0,1,1,1,3,1,2,0,0,4,2,15,14,15
0.033549375655896,1,0,0,0,0,1,3,3,1,4,2,1,0,1,0,0,1,0,1,1,1,0,1,3,3,1,2,3,0,16,15,15
0.126902484156711,0,0,0,1,0,1,0,0,3,3,0,0,3,0,0,1,1,0,1,0,1,1,4,4,4,4,4,4,0,9,9,15
-0.0611371921610342,0,0,0,1,1,1,0,1,2,3,3,0,0,1,0,1,0,0,1,1,1,1,3,3,2,0,0,0,0,12,12,9
-3.3094336305274,0,0,0,1,0,1,3,2,4,1,1,1,0,2,0,1,1,0,1,1,1,1,2,3,3,1,3,3,0,13,12,12
-2.13099862931025,1,0,0,1,1,1,3,2,3,3,3,0,0,1,0,1,0,0,1,1,1,1,3,3,3,1,3,1,0,12,11,11
-2.22563538791451,1,0,0,1,1,1,3,2,4,3,0,1,2,1,0,0,1,0,1,1,1,1,4,3,2,0,1,0,2,15,14,15
-1.36497844437416,0,0,1,1,0,0,3,3,2,3,3,1,0,3,0,0,1,0,1,0,1,1,0,2,2,4,4,2,0,10,11,11
-0.172750190148947,1,0,0,1,0,1,2,0,3,2,0,1,0,3,0,1,1,0,0,1,1,1,3,2,2,0,1,4,0,9,8,9
-0.965106356679326,1,0,0,0,1,1,1,1,1,3,3,1,1,1,0,1,1,0,0,1,1,1,3,0,2,0,2,3,0,10,9,10
-0.784686356625475,1,0,0,0,1,1,2,0,2,2,3,0,1,3,0,0,1,0,0,0,1,1,3,3,1,1,2,2,6,14,14,14
-0.12392699196084,1,0,1,1,0,1,2,0,2,2,3,0,1,3,0,0,1,0,0,1,1,1,3,2,1,0,0,4,2,12,10,10
0.11378968073559,0,0,1,1,0,1,3,1,2,2,0,1,0,3,0,0,0,0,0,1,1,1,2,2,2,0,0,2,0,10,8,9
-2.23034397575182,0,0,0,0,0,1,0,0,2,2,3,1,0,1,0,1,1,0,0,0,1,1,2,2,3,1,3,4,2,12,10,10
-0.386715261907284,1,0,1,1,0,1,2,0,2,2,3,1,0,0,0,0,0,0,1,1,1,0,4,2,1,1,1,4,0,12,12,13
-0.432891632809003,1,0,0,1,0,1,2,2,2,3,1,1,0,1,0,1,1,0,1,1,1,1,3,2,2,1,3,4,4,10,10,10
0.167986237470525,0,0,1,1,0,1,3,2,4,2,1,1,0,1,0,0,1,0,1,1,1,1,3,2,2,1,2,4,0,10,10,10
-1.38840497673106,1,0,1,1,0,1,3,-1,4,2,0,1,1,3,0,0,0,0,1,1,1,1,2,3,2,0,0,0,0,11,10,10
1.53479560881327,0,0,0,1,0,1,1,1,2,2,3,1,0,3,0,0,0,0,0,1,1,1,4,1,2,0,2,2,1,12,12,12
0.656239256548252,1,0,1,1,0,1,1,0,2,2,1,1,1,0,3,1,1,0,1,1,0,1,3,4,0,0,0,2,0,8,8,9
-1.59978253058876,1,0,0,1,0,1,2,3,0,2,0,1,0,1,0,0,1,0,0,1,1,1,1,3,2,0,1,2,14,11,10,10
-2.8939476245883,0,0,1,1,0,1,1,2,2,3,0,0,0,0,0,1,1,0,1,0,1,1,2,1,1,0,2,2,0,10,10,11
-1.0467725385759,0,0,1,1,0,1,1,2,2,2,1,1,0,2,0,1,0,0,0,0,1,1,4,2,1,0,1,4,2,9,8,8
0.175212672227773,1,0,0,1,1,1,2,1,3,2,3,1,0,1,0,0,1,0,0,1,1,1,3,3,3,0,0,4,4,11,10,10
-0.607445473928745,0,0,1,1,1,1,1,1,3,3,1,1,1,1,0,0,0,1,1,1,1,1,4,2,2,0,2,3,2,12,11,12
-1.82369806603434,1,0,0,1,0,1,0,0,2,2,1,0,0,1,0,0,1,0,1,0,1,1,3,2,1,1,2,3,2,12,11,11
-1.94077723478342,0,0,0,1,0,1,3,3,3,3,3,0,1,1,0,0,0,0,0,1,1,1,3,3,3,1,2,4,4,11,10,11
-3.28005528785564,1,0,0,1,1,1,1,1,0,2,0,1,0,1,0,0,1,0,0,1,1,0,3,2,3,0,1,1,6,12,10,10
-2.40047430344403,1,0,0,1,0,1,3,1,2,2,3,1,0,2,0,0,1,0,1,1,1,1,4,2,2,0,2,0,4,14,14,14
-1.41574340521762,0,0,1,1,0,1,1,1,3,2,3,0,1,1,0,0,0,0,1,0,1,1,3,3,1,0,0,2,6,11,9,10
-0.0704601659249614,0,0,1,1,1,0,3,3,4,1,3,1,0,1,0,0,1,0,0,1,1,0,3,0,2,2,4,4,6,8,8,9
-0.949939190372512,1,0,0,1,0,1,2,2,2,2,1,1,0,2,0,0,1,0,0,1,1,1,3,2,2,0,2,3,2,8,10,10
-4.49320988936744,1,0,0,1,0,1,3,2,3,2,3,1,0,0,0,0,0,0,1,1,1,1,3,4,4,0,2,0,6,13,12,12
-2.03886074048158,1,0,0,1,1,1,2,0,2,2,1,0,0,1,0,1,1,0,0,1,1,0,2,2,2,1,2,1,0,11,12,11
-1.5907247237938,1,0,0,1,0,1,3,1,4,3,1,1,1,1,0,0,1,0,1,1,1,1,4,2,2,0,0,0,2,12,13,13
1.00315184959957,0,0,1,1,1,1,1,1,3,1,3,1,0,3,0,0,1,0,1,1,1,1,3,2,3,0,0,3,2,10,11,11
-0.991032279858237,1,0,0,0,0,1,0,0,0,2,1,1,1,3,0,1,1,1,1,1,1,1,2,0,1,0,0,0,4,12,12,12
-2.23630093277446,0,0,1,0,0,1,3,2,3,2,3,1,1,0,0,1,1,1,1,0,1,1,2,2,2,0,0,3,6,8,10,10
-1.41240164551751,1,0,0,1,0,1,1,0,2,2,0,1,0,1,0,0,1,0,0,1,1,0,3,2,4,0,0,4,0,12,11,11
0.575041766869166,0,0,0,1,0,1,3,3,2,2,3,1,0,0,0,0,0,0,1,0,1,1,4,2,3,0,1,0,4,11,12,12
-1.69503487109968,0,0,0,1,0,1,3,2,2,0,0,1,0,2,0,1,1,0,0,1,1,1,4,2,4,0,0,2,2,11,12,12
-0.261375326397872,0,0,1,1,0,1,3,3,3,3,2,1,0,0,0,1,1,0,1,1,1,1,3,4,4,4,4,3,12,8,8,7
-1.47689305098443,0,0,1,1,0,1,3,3,3,4,2,0,0,2,0,0,1,0,1,1,1,1,3,3,2,0,0,3,0,15,15,15
0.196748868889371,0,0,1,1,0,1,3,3,3,2,0,1,0,0,0,0,1,1,1,0,1,1,4,2,2,0,0,4,2,11,12,11
1.02256086549783,0,0,0,1,0,1,2,1,3,2,1,1,1,1,0,1,1,0,0,1,1,1,3,2,4,0,0,1,16,10,9,9
-0.299538097750062,0,0,1,1,0,0,2,3,3,2,0,1,0,1,0,0,1,0,1,1,1,1,4,3,3,0,0,0,0,15,15,15
-0.442938403405362,0,0,0,1,0,0,2,2,2,1,3,0,0,3,0,1,0,0,0,1,1,0,3,2,2,0,0,3,10,9,9,9
-3.07120188137687,1,0,0,1,0,1,1,1,2,2,0,1,0,3,0,1,1,0,0,1,1,1,4,0,1,0,0,2,4,9,9,9
-2.44935443483851,0,0,1,1,0,1,2,2,3,2,1,0,0,2,0,0,1,0,1,1,1,1,4,2,2,0,0,4,4,12,13,13
-1.44467508818266,0,0,1,0,0,1,3,3,2,2,1,0,3,3,0,0,1,0,1,1,1,1,0,2,4,2,4,0,8,11,9,10
-0.135214758101466,1,0,0,1,1,1,3,3,1,1,2,1,0,2,0,0,1,0,1,1,1,1,4,3,4,0,0,3,2,14,14,13
-1.80569259531245,0,0,1,1,1,0,3,3,4,4,0,1,0,0,0,0,0,0,1,1,1,1,4,4,2,0,0,3,4,12,13,13
-3.800534755658,1,0,0,0,0,1,2,2,3,2,3,0,0,2,0,1,1,0,1,1,1,1,3,0,1,0,0,1,4,10,10,10
-0.487834960294797,1,0,0,1,0,1,1,1,0,2,1,1,0,1,1,1,0,0,1,1,1,1,2,0,1,0,0,4,12,7,9,9
-1.98097204198844,1,0,1,1,1,1,3,1,4,2,0,1,0,0,0,0,0,0,0,1,1,1,2,4,1,0,0,2,10,17,16,17
0.994153846178382,0,0,1,0,0,1,1,0,1,3,3,1,0,1,0,0,0,0,1,1,1,1,4,3,1,0,0,4,4,9,8,9
-1.39527812541093,1,0,1,1,0,1,3,3,4,4,0,0,0,1,0,0,1,0,1,1,1,1,4,3,3,0,1,4,6,15,13,13
-1.12904097474238,0,0,1,1,0,1,3,3,2,4,3,0,1,1,0,0,1,0,1,1,1,0,3,3,2,0,0,1,4,15,14,15
-0.909775737707368,0,0,1,1,0,1,2,2,2,3,1,0,1,0,0,0,0,0,1,1,1,1,4,3,1,0,0,4,6,13,13,14
1.05454053999721,0,0,1,0,0,1,0,2,2,2,0,0,2,1,1,0,1,0,1,1,1,1,4,1,3,0,3,4,14,11,10,10
-1.24384289332016,0,0,1,1,0,1,2,3,2,2,3,0,0,0,0,0,0,0,0,1,1,1,2,3,2,0,1,3,2,13,12,13
-1.72574817253209,1,0,0,1,0,1,0,1,0,3,0,1,0,1,0,0,0,0,0,0,1,1,2,1,2,0,1,0,0,13,13,13
-0.917995272114614,0,0,1,1,0,1,1,1,3,3,1,0,0,3,0,0,1,0,1,1,1,1,4,4,3,0,1,4,6,13,12,12
-2.38931168469684,1,0,0,1,1,1,1,3,2,1,0,0,1,1,0,0,1,0,1,1,1,1,3,1,1,0,1,4,2,13,11,12
0.530890050014195,0,0,1,1,0,1,3,3,1,2,0,1,0,0,0,0,1,0,1,1,1,1,2,3,3,0,3,4,4,11,12,12
-1.07110352651304,1,0,0,1,0,1,1,1,2,2,1,1,0,1,0,0,0,0,0,1,1,1,4,3,3,0,0,4,0,11,10,10
-0.0524998895407235,0,0,1,1,0,1,2,3,3,3,1,0,0,0,0,1,0,0,0,1,1,1,4,4,4,2,1,4,2,8,8,8
-0.428649536599054,0,0,0,1,1,0,2,3,2,2,1,1,0,1,0,1,0,0,1,1,1,1,4,2,1,0,0,0,0,9,10,10
0.541187256222614,1,0,0,1,0,1,-1,0,0,2,0,2,0,1,2,0,1,0,0,0,0,0,2,3,1,0,0,4,0,8,9,10
0.0336030205002507,0,0,1,0,0,1,3,3,4,4,0,1,0,0,0,0,0,0,1,1,1,1,2,4,4,1,4,3,8,13,13,14
-0.945638567381137,0,0,1,1,0,1,1,2,2,2,0,1,1,2,0,0,1,0,0,0,1,1,2,1,2,1,1,0,4,12,11,12
0.122544146211197,0,0,0,0,0,1,2,3,3,4,0,0,1,2,0,0,1,0,0,1,1,1,3,1,1,1,1,4,0,9,10,11
1.3872520926052,1,0,0,1,0,1,1,0,3,2,3,1,0,1,3,0,1,0,1,1,0,1,4,3,4,0,2,4,10,9,8,7
-0.995577409851714,1,0,0,1,1,0,1,0,2,2,0,1,2,0,0,0,1,0,0,1,1,1,2,1,1,0,1,4,8,10,9,10
-1.07648538131588,1,0,0,1,0,1,0,0,0,2,0,1,2,0,0,0,1,0,1,0,1,1,3,2,2,0,1,3,6,10,11,12
-2.46355791578032,1,0,0,1,1,1,1,1,2,2,0,0,0,0,0,0,1,0,0,1,1,1,2,3,3,0,2,4,2,12,11,11
0.603492086015304,0,0,0,1,0,0,2,3,3,2,0,0,0,0,0,0,0,0,0,1,1,1,2,1,0,0,3,4,12,14,12,13
-2.96087561295521,1,0,1,1,0,1,1,0,0,2,0,1,3,0,0,0,0,0,0,1,1,0,2,1,0,0,0,1,4,8,8,10
1.80016349110693,0,0,0,1,0,0,1,1,2,2,1,1,0,0,1,0,0,0,0,1,1,0,4,2,3,0,0,4,12,12,10,10
-1.23705957235425,0,0,1,0,0,1,2,3,0,4,0,1,3,1,0,0,1,0,0,1,1,0,4,2,2,0,0,4,2,11,10,10
-1.61112058022733,0,0,0,1,0,1,3,3,3,0,0,1,0,2,0,0,1,0,1,1,1,1,3,2,2,0,0,4,4,12,13,14
0.571761337884664,0,0,1,0,0,1,2,3,0,2,0,1,2,1,0,0,0,0,0,1,1,0,4,3,4,1,3,4,2,9,8,9
-1.15049275787686,0,0,0,0,0,1,0,0,0,2,0,1,3,1,0,0,1,0,0,1,1,0,4,0,2,0,0,2,0,13,12,12
0.571515700592621,1,0,1,1,1,1,2,0,3,3,0,1,1,0,0,0,0,0,1,1,1,1,2,2,3,3,4,3,2,10,10,11
0.605355160812752,1,0,0,1,0,0,2,1,2,3,0,2,0,2,0,0,1,0,1,0,1,1,3,2,2,4,0,4,10,11,10,10
-2.18138340989838,1,0,0,0,0,1,0,0,2,3,3,1,1,0,0,0,1,0,1,1,1,0,2,2,2,0,1,0,8,11,10,10
-0.273197908595795,0,0,0,1,0,0,2,2,2,2,0,2,1,0,0,0,1,0,1,0,1,1,3,2,1,0,0,4,4,8,8,9
-0.827423080746851,1,0,1,1,1,1,0,0,3,2,0,1,0,1,2,0,0,0,0,1,1,0,3,3,3,0,2,4,0,9,9,9
-1.82518375603966,1,0,0,1,0,1,3,3,4,4,0,1,1,0,0,0,0,0,1,1,1,1,3,2,1,0,0,4,6,12,13,13
-1.11218879239889,1,0,0,0,0,1,0,0,2,2,0,1,2,0,1,0,0,0,1,1,1,1,4,4,4,0,0,0,2,7,8,8
-1.08605115371812,0,0,1,1,0,1,3,2,4,3,0,0,1,3,0,1,1,0,0,1,1,1,1,1,1,0,0,2,6,8,10,10
1.23536388644553,0,0,0,1,0,0,2,2,3,3,1,1,0,1,0,0,0,0,0,0,1,0,0,2,1,1,2,0,24,8,7,8
0.128442264132265,0,0,1,1,0,1,3,3,3,3,0,1,0,2,0,0,1,0,1,1,1,1,4,2,2,0,2,4,0,14,12,12
-2.80582818359338,0,0,1,1,1,1,1,1,3,3,3,0,1,0,0,0,1,0,1,1,1,1,1,2,2,1,1,1,4,11,10,10
-2.1447253489297,1,0,0,1,0,1,3,3,4,3,0,1,0,2,0,0,1,0,1,1,1,1,3,1,1,0,0,4,2,12,12,12
-1.38127609164728,1,0,0,1,1,1,0,0,0,0,0,1,0,0,0,0,0,0,0,1,1,1,2,3,3,2,2,0,4,9,10,10
-1.4333755102291,1,0,1,1,0,1,1,0,2,2,1,1,0,0,0,0,1,0,0,1,1,1,4,3,4,0,1,4,22,8,6,5
-2.38150516424544,1,0,0,1,0,1,0,0,2,3,0,0,0,1,0,0,1,0,0,1,1,1,3,3,1,0,1,4,0,11,11,11
-1.00052652318997,0,0,0,1,1,0,1,0,0,2,1,1,1,0,0,0,1,0,1,1,0,1,3,3,1,0,0,4,0,10,9,9
-1.96606799074132,0,0,0,1,0,1,2,1,1,3,1,0,0,1,1,0,1,0,0,1,1,1,2,2,1,0,0,2,2,10,10,10
-0.154505902142993,0,0,0,1,0,1,0,1,0,2,0,1,0,1,0,0,1,0,0,0,1,1,3,2,1,0,0,4,6,12,11,12
0.587323089438311,1,0,0,1,0,1,0,1,0,3,0,0,0,1,0,0,0,0,0,0,1,0,1,2,3,1,3,0,6,10,10,10
0.271739622768558,0,0,1,1,0,1,3,3,4,4,0,1,0,0,0,0,1,0,0,1,0,1,2,2,1,1,0,4,16,8,8,7
-1.38229984227012,0,0,1,1,1,0,1,0,3,2,0,1,3,0,0,0,0,0,0,1,1,1,3,4,4,1,4,4,0,11,10,10
2.46831570001421,0,0,1,1,1,1,0,0,2,2,0,1,0,0,2,0,0,0,0,1,0,1,1,2,4,1,4,3,0,10,8,-1
-0.0462135927905925,1,0,1,1,1,1,1,0,0,2,0,1,0,0,1,0,0,0,1,1,1,0,3,3,3,2,4,4,6,8,9,9
-2.06861816238574,1,0,0,0,0,1,2,2,3,3,3,2,1,2,0,0,1,1,1,1,1,1,3,1,0,1,2,2,2,12,12,12
0.877979851734154,0,0,1,1,0,1,2,1,3,0,1,1,0,0,0,0,1,0,0,1,0,1,3,4,3,0,0,3,6,10,8,10
-2.95004483363938,1,0,0,1,0,1,3,3,2,4,0,1,0,0,0,1,1,0,0,1,1,0,3,1,0,0,0,3,0,12,12,12
0.110479465506454,1,0,1,0,0,1,1,2,0,3,0,1,0,1,0,1,0,1,1,1,1,0,3,3,3,0,0,0,0,6,7,7
2.37455869615135,1,0,1,0,1,1,0,1,2,2,3,1,0,0,3,0,0,0,0,1,1,0,1,1,1,2,2,4,14,8,7,9
0.546225638298422,0,0,0,0,0,1,0,0,0,2,0,1,2,0,3,0,1,0,1,0,1,0,4,1,4,0,4,3,6,10,9,10
-1.79064610099719,1,0,1,0,0,1,1,1,0,2,0,1,2,0,0,0,0,0,0,0,1,0,3,1,1,0,1,2,4,11,9,10
-2.08889224668504,1,0,1,1,0,1,2,2,2,3,0,0,0,1,1,0,1,0,0,1,1,1,3,4,4,3,3,4,0,9,9,0
-0.346021314724035,0,0,1,1,1,1,0,1,1,3,0,1,1,0,2,0,0,0,0,0,1,1,3,3,4,2,4,4,0,8,7,9
-0.415935402789713,1,0,1,0,1,1,1,0,0,2,0,1,1,0,1,0,0,1,1,1,0,1,2,2,1,1,1,4,8,7,7,8
-1.61729211201213,1,0,1,0,0,1,2,1,2,2,0,1,1,1,2,1,1,0,0,1,1,1,3,3,3,0,3,2,4,6,5,7
-1.56878538018558,0,0,1,1,1,1,0,1,2,2,0,1,1,0,0,0,0,0,1,1,1,0,3,3,3,1,3,4,2,7,8,9
0.371921638786982,1,0,1,1,0,1,0,2,0,3,0,0,0,0,1,0,0,0,0,1,0,1,4,2,2,0,3,1,2,8,7,7
1.29413453352224,0,0,1,0,1,1,0,0,2,3,0,1,3,1,0,0,0,0,1,1,0,0,4,2,4,0,4,4,0,7,7,7
1.59503171507812,0,0,1,1,0,1,2,1,3,3,0,1,1,0,3,0,1,0,1,0,0,0,3,4,1,0,0,1,10,7,6,7
0.00990332008798145,0,0,1,1,0,1,1,1,2,2,0,0,0,1,0,0,0,0,0,1,0,1,3,2,4,1,3,3,0,8,9,10
0.104539493597487,1,0,0,1,0,1,3,1,1,3,1,0,0,1,0,0,0,0,0,1,1,1,3,1,2,0,0,2,0,16,16,17
1.11772535264019,1,0,0,1,0,1,1,1,2,2,1,1,0,1,0,0,1,0,0,0,1,1,4,0,4,0,0,3,0,11,11,12
-0.158349853616991,0,0,0,1,0,1,3,3,1,1,3,1,0,1,0,0,1,0,0,1,1,1,3,3,1,0,0,2,0,15,15,16
1.41812589200287,0,0,1,1,0,1,2,3,2,2,0,0,2,0,1,0,1,0,1,0,1,1,2,3,4,1,3,1,4,8,8,9
-2.78277532259754,1,0,1,1,0,1,0,-1,2,2,3,1,1,1,0,0,1,0,1,1,1,1,3,2,1,0,0,2,0,15,16,17
-0.0509710697794441,0,0,1,1,1,1,3,3,4,2,3,1,0,1,0,0,1,0,1,1,1,1,3,3,3,0,2,4,0,10,8,9
-0.121742191804428,0,0,0,1,0,1,0,2,0,3,1,1,0,1,0,0,0,0,1,0,1,1,3,2,4,0,0,2,0,13,12,12
0.387573541590955,0,0,0,1,1,1,2,2,2,2,3,1,1,1,0,0,1,0,1,1,1,1,3,3,4,0,0,3,0,13,13,14
0.79053149359621,0,0,1,1,1,1,3,2,4,2,0,1,1,1,0,0,0,0,1,1,1,1,3,3,3,3,3,3,0,9,10,10
-1.01657001142273,1,0,0,1,0,1,1,1,3,2,3,1,1,1,0,0,0,0,1,0,1,1,2,3,3,0,3,4,0,12,11,13
-0.563519406496216,0,0,1,1,0,1,2,2,2,2,3,0,0,1,0,0,0,0,1,0,1,1,3,2,3,0,3,3,4,10,8,9
-2.09697704295199,1,0,1,0,0,1,3,1,4,3,2,1,0,0,0,0,1,0,1,1,1,1,3,2,2,2,3,2,8,9,8,10
1.29524627754332,0,0,1,1,0,1,3,2,2,2,0,1,0,1,0,0,1,1,1,1,1,1,4,1,2,0,0,1,4,10,10,12
-1.7984759909881,0,0,1,1,0,1,3,2,4,2,1,1,0,1,0,0,1,1,1,1,1,1,2,3,2,1,2,2,4,10,9,10
0.159877027782187,0,0,1,1,0,1,2,2,3,2,1,1,0,1,0,0,0,0,1,1,1,1,3,1,2,0,1,2,0,10,11,12
-0.700473311507015,0,0,0,1,0,1,1,3,3,3,3,0,0,1,0,0,1,0,1,1,1,0,4,3,1,1,2,4,0,16,17,16
-0.431175405274149,0,0,0,1,1,1,2,2,2,2,3,1,0,1,0,0,1,0,1,1,1,1,4,2,2,1,2,0,32,13,12,13
-0.0428856059248865,1,0,0,1,0,1,2,1,2,2,3,1,0,1,0,0,1,0,0,1,1,1,0,1,1,0,1,0,8,13,14,15
2.29273486091613,0,0,1,1,0,1,2,2,3,3,2,1,0,1,0,0,1,0,1,1,1,1,3,2,3,1,2,3,6,10,12,13
-0.366592414784935,0,0,1,1,0,1,0,1,3,3,2,1,0,0,0,0,1,0,1,1,1,1,2,2,2,0,1,2,0,9,8,10
-0.184772180974308,1,0,1,1,1,1,1,0,2,2,0,1,0,1,0,0,0,0,1,1,1,1,3,1,2,0,1,4,0,12,13,15
-0.219396611555033,0,0,0,1,0,0,2,2,1,2,3,1,0,1,0,0,1,0,0,0,1,1,2,2,2,0,2,2,10,11,12,13
0.404706303443096,0,0,1,0,0,1,0,1,0,2,1,1,0,1,0,0,0,0,0,1,1,0,2,0,2,0,4,2,6,8,8,9
-0.867601759294989,1,0,0,1,0,1,1,2,3,3,0,1,0,1,0,0,0,0,0,1,1,1,3,2,2,0,0,1,6,11,11,12
-2.07971573143467,0,0,0,1,0,1,0,0,0,3,0,1,0,1,0,0,0,0,1,1,1,1,4,2,2,0,0,2,0,11,10,11
-0.1223338779097,1,0,1,1,0,1,0,1,0,3,2,2,1,1,0,0,0,0,1,0,1,1,3,3,3,3,4,4,16,9,10,11
0.69491477263534,0,0,1,0,0,1,2,2,3,3,3,1,0,0,0,0,1,0,1,1,1,1,3,2,1,2,3,4,0,10,9,9
-0.222433860698455,0,0,1,1,0,1,1,2,2,2,1,0,1,0,0,0,0,0,0,1,1,1,4,2,2,0,0,2,0,12,11,11
-1.65109709735729,0,0,0,1,1,1,1,3,3,3,0,0,0,1,0,0,0,0,1,1,1,1,3,2,1,0,0,4,8,13,14,15
-0.000370607712109172,1,0,1,1,0,1,3,3,3,4,1,1,0,0,0,0,0,0,0,1,1,1,4,1,2,0,1,4,4,12,12,13
-1.66661010675525,1,0,1,0,1,1,2,2,4,2,1,0,2,0,0,0,1,0,1,1,1,1,2,2,3,2,4,2,16,9,10,11
1.60989828167386,0,0,0,1,0,1,3,3,3,4,1,1,1,0,1,0,1,0,0,1,1,1,3,1,3,1,2,1,30,13,14,15
-2.10252645781711,1,0,0,1,1,1,3,3,4,4,3,1,0,1,0,0,1,0,0,1,1,1,3,4,1,0,1,2,0,10,9,10
-0.100039280042906,1,0,0,1,0,1,3,2,1,2,1,1,0,1,0,0,1,0,1,1,1,1,3,2,4,0,4,1,2,13,13,14
-2.68527136214562,0,0,0,1,0,1,1,2,2,2,3,1,0,1,0,1,1,0,1,1,1,0,3,3,2,0,2,3,4,10,11,11
-3.28207562984013,1,0,0,1,0,1,0,0,2,2,0,1,0,1,0,0,1,0,0,0,1,0,3,3,3,0,2,0,0,13,14,14
-0.328162108723122,1,0,0,0,0,1,1,1,2,2,3,1,0,0,0,0,1,0,0,1,1,1,4,2,1,0,1,2,21,12,12,12
-0.731428008116508,1,0,0,0,0,1,1,1,3,3,3,1,1,3,0,0,1,0,1,0,1,1,4,2,4,0,0,4,6,12,12,12
-0.992615519576806,1,0,0,1,0,1,2,3,0,3,1,1,0,2,1,0,1,1,0,1,1,1,3,3,2,2,3,4,14,7,8,7
-2.00418689374468,1,0,0,1,0,0,2,0,3,2,0,1,0,1,0,0,1,0,0,1,1,1,1,2,2,1,1,3,2,10,10,11
-0.48387530773525,1,0,0,1,0,1,3,2,4,2,2,1,0,1,0,0,0,0,1,1,1,1,0,2,1,0,0,0,4,13,14,14
-3.11497162161457,1,0,0,1,0,1,0,0,0,2,1,1,1,0,0,0,1,0,0,1,1,0,3,2,1,0,3,4,2,11,12,12
-2.25202094765348,1,0,0,0,0,1,3,2,4,2,3,1,1,2,0,0,1,0,1,1,1,1,3,3,1,0,0,3,0,10,11,11
-1.43487818972933,1,0,0,1,0,1,2,2,2,2,3,2,0,3,0,0,1,0,1,1,1,1,3,2,2,0,1,2,4,11,11,11
2.31861609900568,0,0,1,1,1,1,3,3,3,2,1,1,0,1,0,0,1,0,0,1,1,1,4,2,4,3,4,2,15,12,11,11
-0.845380991649795,0,0,0,1,0,0,1,1,2,2,3,1,0,1,0,1,1,0,0,1,1,1,2,2,3,0,0,3,0,12,12,12
-1.75855611029304,1,0,1,1,0,1,1,1,3,2,1,1,0,1,0,0,1,0,1,1,1,1,3,3,3,1,3,4,10,11,10,10
1.03759204673509,0,0,0,0,1,1,3,3,3,2,2,1,0,0,0,0,1,0,0,1,1,0,4,1,0,0,1,2,6,11,10,10
-0.15564512086526,1,0,0,1,1,1,2,1,2,2,3,1,1,1,0,0,0,0,0,1,1,1,3,3,3,0,2,0,2,13,15,14
1.44106613152608,1,0,0,1,0,1,3,2,2,2,3,1,0,1,0,0,0,0,0,1,1,1,2,3,4,1,3,0,16,10,8,9
-1.99241036385406,0,0,1,1,1,1,2,2,3,1,1,0,0,1,0,0,1,0,0,1,1,1,2,1,3,1,3,3,10,9,9,9
-1.16616245237731,0,0,0,1,0,1,1,2,0,2,1,0,1,0,0,0,1,0,0,1,1,0,2,2,2,0,3,2,4,11,12,12
-0.252551990960994,1,0,0,1,0,1,1,1,0,0,0,1,0,2,0,0,1,0,1,1,1,1,3,2,2,0,0,3,0,11,11,12
-0.353606334256742,1,0,0,0,0,1,1,0,0,3,3,1,1,1,0,0,1,0,1,1,1,1,3,1,4,0,1,4,0,10,9,10
0.399671334636465,1,0,0,1,0,1,0,0,0,2,3,1,0,2,0,0,1,0,1,1,1,0,3,2,3,0,0,4,12,11,11,11
-1.47729117377042,1,0,0,1,0,1,1,2,3,4,2,1,0,1,0,1,0,0,0,1,1,1,1,2,0,0,0,2,0,12,12,13
0.607792654615315,0,0,1,1,0,1,1,1,2,2,1,1,1,1,3,0,1,1,0,1,1,1,2,2,2,4,4,3,9,9,8,9
-0.565154230949513,1,0,0,1,0,1,3,3,4,3,1,1,0,2,0,0,1,0,1,0,1,1,4,2,1,0,0,4,4,14,15,15
1.01104791590222,1,0,0,0,0,1,2,0,2,2,3,1,0,1,0,0,0,0,1,1,1,1,4,2,2,0,0,3,4,7,7,7
-0.879549002284709,1,0,0,1,0,1,2,1,2,2,0,1,0,1,0,0,0,0,1,0,1,1,4,2,3,0,2,2,2,16,17,16
0.183314973371441,0,0,1,1,1,1,1,2,3,3,3,0,0,1,0,0,1,0,0,0,1,1,4,2,2,0,2,2,0,9,10,10
-0.386436883169538,1,0,1,1,1,1,1,0,0,2,0,1,3,1,0,1,1,0,1,1,1,1,3,2,1,3,4,2,2,8,9,10
-0.642836752689863,1,0,0,1,0,0,1,0,2,2,0,1,1,2,0,0,0,0,1,1,1,1,2,1,2,0,1,2,0,14,14,15
0.397412281503707,0,0,0,1,1,1,3,2,1,2,3,0,0,1,0,0,0,0,1,1,1,1,2,1,2,0,1,2,0,13,11,11
-1.32818994135899,0,0,1,0,0,1,1,1,2,2,0,0,1,1,0,0,1,0,1,1,1,1,3,4,1,0,0,0,0,11,12,12
-2.08498359908049,0,0,1,1,0,1,3,3,4,4,3,1,0,1,0,1,1,0,1,1,1,1,3,4,4,0,2,1,0,12,12,12
-0.920563168579997,0,0,1,1,0,1,3,3,1,2,3,0,0,1,0,0,1,0,1,1,1,1,3,1,3,1,3,0,0,12,12,13
-0.676065996083363,0,0,1,1,1,1,0,0,2,2,1,1,1,1,0,0,1,0,0,1,1,1,2,3,1,0,0,4,2,8,8,8
-0.616349505668376,0,0,1,1,0,1,2,1,0,2,3,1,1,2,0,0,0,0,1,1,1,1,4,2,2,0,2,1,0,11,11,11
-0.574818660676231,0,0,1,1,1,1,1,1,2,2,1,0,0,1,0,0,0,0,1,0,1,1,3,3,1,4,4,3,0,15,15,15
0.436189551013646,1,0,0,1,0,1,1,0,2,2,1,1,0,0,0,0,0,0,0,1,1,1,3,4,1,0,0,4,4,8,9,9
-0.281266861906255,1,0,0,1,0,0,3,0,2,2,1,1,0,1,0,0,0,0,1,1,1,1,4,2,2,0,1,4,0,13,12,12
-0.453619260294745,1,0,0,1,1,0,1,3,3,2,0,1,1,1,1,0,1,0,0,1,1,1,3,2,2,0,0,2,18,9,9,9
-0.470126131547252,1,0,0,1,1,1,1,1,0,3,0,1,0,1,1,0,1,0,0,0,1,1,4,2,0,0,0,4,16,8,7,9
-1.04343338118602,1,0,0,1,0,1,2,2,2,2,0,1,1,0,1,0,0,0,0,1,0,1,3,0,0,0,0,2,14,7,6,6
1.77695155434112,1,0,1,1,0,1,1,1,2,0,0,2,0,0,1,0,1,0,1,0,0,1,3,3,2,1,1,0,26,6,7,7
-0.453344877745092,0,0,1,1,0,1,3,3,4,4,0,1,0,0,0,0,1,0,1,0,1,1,3,1,0,0,1,4,6,9,7,8
0.347957885450991,1,0,0,1,0,1,2,1,2,2,0,0,0,1,0,0,0,0,1,1,1,0,4,3,1,0,0,2,4,13,13,14
-2.21951781228959,1,0,0,1,1,1,0,0,0,0,0,1,0,2,0,0,1,0,1,1,1,1,3,2,1,0,1,3,10,10,9,9
0.24842061699283,1,0,0,1,0,1,0,1,2,2,0,1,0,0,0,0,0,0,0,1,0,1,4,2,4,0,1,4,4,11,10,10
-2.00944488141882,1,0,0,0,0,1,1,0,0,3,0,1,2,1,0,0,0,0,1,1,1,0,1,0,0,0,0,2,2,12,12,12
-0.171268146044461,1,0,0,0,1,0,0,3,2,2,0,2,3,0,1,0,1,0,0,1,1,1,4,4,3,0,0,4,14,8,8,7
-0.161721744132408,1,0,1,1,0,1,1,1,2,3,3,0,0,1,0,0,0,0,0,1,0,1,4,4,3,2,4,1,16,7,6,7
-0.180735374831989,1,0,0,1,1,0,1,1,2,2,1,1,0,0,1,0,1,0,0,0,0,1,2,0,1,0,0,0,8,10,8,9
0.0824751636217587,1,0,0,0,1,1,0,0,0,2,0,1,1,2,0,0,0,0,1,1,1,1,3,2,2,0,2,4,4,14,13,14
-2.24022403554417,0,0,0,1,1,0,3,1,4,2,0,1,0,1,0,0,1,0,1,1,1,0,3,2,1,0,0,3,4,14,13,13
-0.262367871199665,0,0,1,1,1,1,3,2,1,2,0,1,1,1,0,0,0,0,1,1,1,1,1,4,4,0,3,4,8,14,14,14
0.487472549865644,1,0,1,0,1,0,3,3,4,2,0,1,1,1,0,0,1,0,0,1,1,1,2,2,2,1,2,3,0,11,11,11
0.00132273220671819,1,0,1,1,1,1,3,2,4,2,0,1,0,0,0,0,0,0,1,0,1,1,4,3,4,0,0,2,7,13,13,14
-1.859988353191,0,0,1,1,0,1,3,3,3,3,0,1,0,0,0,0,0,1,1,1,1,1,4,2,1,0,1,4,4,13,14,14
0.92847364744609,0,0,0,1,0,1,3,3,4,3,0,1,0,1,0,0,1,1,0,1,1,1,4,2,0,0,3,4,2,10,10,11
-0.766346218256243,0,0,1,0,0,1,0,0,2,2,1,0,1,2,0,0,0,0,0,0,1,1,3,2,2,0,0,0,2,12,13,14
0.344393810331655,1,0,0,1,0,1,2,2,3,2,1,1,1,2,0,0,1,0,0,1,1,1,3,1,1,1,2,4,10,10,10,10
-3.00289409113942,1,0,0,1,0,1,0,0,0,2,0,1,0,1,0,1,0,0,0,0,1,0,3,2,1,0,0,3,10,9,8,9
-2.09459632848237,1,0,0,1,0,1,1,0,2,2,0,2,1,2,0,0,1,0,0,0,1,1,3,3,3,0,0,2,10,11,9,10
0.821529632015706,0,0,1,1,0,1,1,0,2,2,0,1,2,0,0,0,0,0,0,1,1,1,3,2,2,0,0,3,7,14,15,15
1.3064873064041,1,0,0,1,0,1,0,0,2,3,0,0,0,1,0,0,1,0,0,1,1,0,3,2,3,0,1,4,4,10,9,10
-1.14374462147283,1,0,1,1,0,1,1,2,2,2,0,0,1,0,0,0,0,0,0,1,1,1,4,1,1,0,0,1,2,8,11,12
1.70402652264306,1,0,1,1,0,1,2,0,3,3,2,1,0,0,3,0,0,0,0,0,0,1,4,3,4,4,4,0,12,6,7,4
-1.3697797378782,1,0,1,0,1,1,2,2,2,3,0,1,0,1,0,0,1,0,0,1,1,1,3,2,2,0,2,4,8,9,8,9
-0.0127264550496129,0,0,1,1,0,1,-1,1,2,2,2,1,0,0,0,0,0,0,0,0,1,1,3,2,1,1,3,4,0,10,11,10
0.167338197488525,1,0,1,1,0,1,2,1,3,2,0,1,1,0,0,0,0,0,0,1,0,1,3,3,4,1,3,4,8,6,7,6
-0.0521256907118452,1,0,1,1,0,1,2,2,0,2,3,2,2,1,1,1,1,0,0,0,1,1,4,2,2,0,2,1,4,8,10,9
-1.2018249533305,1,0,1,1,0,1,1,0,3,3,2,1,0,0,2,0,0,0,0,0,0,1,2,1,4,1,4,4,4,6,7,5
-1.44808033459228,1,0,1,0,0,1,1,0,2,2,0,1,1,0,0,0,0,0,1,0,1,0,2,2,1,0,2,2,2,13,12,11
-1.11563657906399,1,0,1,0,0,1,1,0,2,2,0,1,0,0,0,0,0,0,0,0,1,1,3,3,1,1,3,4,0,11,11,12
-0.747595710748402,1,0,1,1,1,1,0,0,1,2,0,1,1,0,1,0,1,0,1,1,1,1,3,3,3,0,1,4,0,8,9,9
-0.0243917291233113,0,0,0,1,1,0,1,0,2,2,0,1,0,1,0,0,1,0,0,0,1,1,3,2,3,0,2,4,2,11,11,12
-1.36559551641499,0,0,0,1,1,1,3,1,4,3,3,1,0,3,0,0,1,0,1,1,1,1,3,1,2,0,0,3,2,13,14,16
-2.07109807783623,0,0,0,1,0,1,1,1,3,3,1,1,0,1,0,0,1,0,0,1,1,1,3,2,2,0,0,4,0,9,9,10
0.45433572719237,0,0,1,1,1,1,1,0,3,2,0,1,2,1,1,0,0,0,1,0,0,1,3,3,4,3,3,4,4,10,9,10
0.208073847723825,1,0,0,0,0,1,3,1,2,2,0,1,0,2,0,0,1,0,1,1,1,1,3,2,3,0,2,4,2,10,11,13
0.183745631743296,1,0,0,1,1,1,0,0,2,0,1,1,0,2,0,0,1,0,0,0,1,0,3,3,2,1,2,2,4,10,11,13
-0.379105322191365,0,0,0,0,0,1,1,1,2,2,1,1,0,1,0,1,0,0,0,1,1,0,2,1,2,0,0,4,4,10,10,12
-1.34048013396734,0,0,1,1,1,0,3,2,3,0,3,1,0,1,0,0,1,0,0,1,1,1,3,2,0,0,0,0,4,10,12,13
-2.69978823793933,0,0,1,1,0,1,1,0,2,2,1,1,0,1,0,0,0,0,1,1,1,1,4,1,3,0,1,3,2,15,15,15
0.445528846966219,0,0,1,0,0,1,1,1,2,3,2,1,1,0,0,0,0,0,0,0,0,0,4,1,1,0,0,3,0,8,9,9
-2.38771126469402,1,0,0,1,1,1,1,1,3,3,0,0,0,3,0,0,0,0,1,1,1,1,2,3,0,0,0,1,2,9,10,11
-0.889955763108463,1,0,0,0,0,1,1,0,2,2,0,2,1,1,0,0,1,1,1,1,0,1,0,1,2,0,1,1,8,9,11,11
-1.35765053793015,0,0,0,1,0,1,3,2,3,2,1,0,0,1,0,0,1,0,0,1,1,1,2,0,1,0,2,1,2,14,14,14
-0.512574673214072,0,0,1,1,0,1,3,2,4,2,0,1,0,1,0,0,1,0,0,0,1,1,3,2,1,0,0,2,2,9,9,10
1.90888913582734,0,0,1,0,0,1,2,1,2,2,0,1,0,2,0,0,0,0,1,0,1,0,4,2,1,0,0,2,2,9,10,11
-1.90120681517095,1,0,0,1,0,1,2,2,2,2,1,1,0,2,0,0,0,0,1,0,1,0,2,1,2,0,0,3,2,14,11,12
1.07193297189914,1,0,0,1,0,1,1,1,0,3,1,1,0,2,0,0,1,0,1,1,1,1,3,2,2,0,0,2,0,10,11,12
-0.400748592554243,1,0,1,1,0,1,1,1,2,2,1,0,1,0,0,0,0,0,0,1,0,1,3,3,3,1,2,3,8,7,7,8
0.613619269739838,0,0,1,0,1,0,2,3,2,2,3,1,1,1,0,0,1,0,1,1,1,1,3,1,4,2,3,0,6,14,15,15
-1.93668095670496,1,0,1,1,0,1,2,0,3,2,2,1,0,1,0,0,0,0,1,1,1,1,4,3,3,2,3,4,0,10,10,13
-0.181544181895545,0,0,0,0,0,1,3,3,4,2,3,1,1,1,0,0,0,0,1,1,1,1,3,2,3,1,1,3,8,9,10,11
-1.83667990514777,0,0,1,1,0,1,3,1,1,2,3,0,0,1,0,0,1,0,1,1,1,1,4,3,4,0,2,4,4,9,11,13
1.04406061224989,1,0,0,0,0,1,1,0,2,2,3,1,1,1,0,0,1,0,0,1,0,1,3,2,4,0,1,2,12,7,8,9
-0.306278505023061,1,0,0,1,0,1,2,2,2,3,1,2,0,1,0,0,1,0,1,1,1,1,3,2,4,2,2,4,16,10,11,11
-0.922455329482898,0,0,0,1,0,1,1,2,2,3,3,0,0,3,0,0,1,0,1,1,1,1,3,4,4,0,2,1,10,15,15,15
-1.26390800233938,0,0,0,1,1,1,0,0,2,2,1,1,1,1,0,0,1,0,0,0,1,0,3,3,2,0,0,2,2,12,12,12
0.624277418429796,0,0,1,0,0,1,0,1,0,0,1,1,0,1,0,0,1,0,1,0,1,0,2,4,1,1,1,0,2,15,16,17
-1.19175231692662,1,0,0,1,0,1,1,0,2,2,1,1,0,1,0,0,1,0,0,1,1,1,3,1,4,0,1,0,8,13,13,14
-1.89561138885072,1,0,0,1,0,1,1,3,0,1,3,1,1,1,0,0,1,0,0,1,1,1,3,2,2,0,0,0,6,14,15,15
-0.0971029960490943,0,0,0,1,1,1,1,1,3,2,0,1,1,1,0,1,1,0,0,1,1,1,3,3,3,1,2,4,6,11,11,11
-0.112662531667926,1,0,0,0,0,0,2,1,2,3,1,1,1,1,0,0,0,0,0,0,0,1,3,0,0,0,0,4,15,11,8,9
1.5863852527112,0,0,1,1,0,1,3,3,4,3,1,1,1,0,0,0,0,0,1,1,1,1,2,1,3,0,3,2,6,10,11,11
-2.25370156736542,0,0,0,1,0,1,3,3,1,1,3,0,0,1,1,1,1,0,1,1,1,1,1,3,3,0,0,3,2,13,11,12
-3.36304761927083,1,0,0,1,0,1,1,1,2,3,3,0,2,2,0,0,1,0,0,1,1,1,3,1,2,0,0,0,8,12,14,14
-1.15696687246732,1,0,0,0,0,1,2,1,3,3,3,0,0,1,1,1,1,0,0,1,0,1,2,2,2,3,2,2,0,8,7,9
-0.444417154669689,1,0,1,1,1,1,3,2,4,3,0,1,1,0,0,0,0,0,1,1,1,1,3,1,2,0,1,0,0,9,9,9
-0.614503747236712,1,0,1,1,0,1,0,1,0,2,1,2,1,0,0,0,0,0,0,0,0,1,2,3,3,1,3,3,10,9,9,10
-1.22462378381432,1,0,1,1,1,0,3,0,3,2,1,1,1,0,0,0,0,0,1,1,1,1,3,4,3,1,3,4,22,10,10,9
0.151516803151771,0,0,1,1,1,0,2,1,4,3,1,1,0,0,0,0,0,0,0,1,1,1,3,3,3,2,3,2,18,12,12,12
-1.82109400768465,1,0,0,0,1,1,0,0,0,2,3,1,1,3,0,0,1,0,1,1,1,0,4,1,1,0,0,2,2,16,16,17
-0.136469371772249,1,0,0,1,0,1,0,0,2,2,1,1,1,1,0,1,0,0,1,1,1,1,4,3,3,0,0,3,0,11,12,12
0.360293788150136,1,0,0,1,0,1,1,1,2,2,0,1,0,1,0,0,1,0,0,0,1,1,4,3,4,0,1,4,12,11,11,13
-0.341880758249107,1,0,0,1,0,1,1,0,2,2,3,1,1,1,0,0,0,0,1,1,1,1,3,2,0,0,0,4,10,11,12,13
-0.280955519847478,0,0,1,1,0,1,0,0,2,2,3,0,0,1,0,0,0,0,0,0,1,1,3,2,2,0,1,3,0,11,11,11
-0.385908458701338,1,0,0,1,0,1,1,1,0,0,2,1,0,2,0,0,1,0,0,1,1,1,3,2,2,0,1,1,0,17,17,17
-0.505753464394024,1,0,0,1,0,1,0,0,3,4,3,1,0,2,0,0,1,0,0,1,1,1,3,2,2,0,0,2,0,12,12,13
0.256464620886895,1,0,1,1,0,1,1,0,3,3,3,1,0,2,0,0,0,0,1,1,1,1,3,1,3,0,2,1,0,13,14,14
-0.323707275016518,0,0,1,1,1,0,3,3,4,4,3,1,0,1,0,0,1,0,1,1,1,1,4,3,2,0,0,1,0,16,16,16
-1.11518741538486,0,0,1,1,0,1,3,1,4,2,1,1,0,1,0,0,1,0,1,1,1,1,3,2,1,0,3,4,2,14,15,15
0.201596222603709,0,0,0,1,0,1,3,2,1,3,3,1,0,2,0,0,1,0,0,1,1,1,3,1,1,0,1,2,0,16,17,17
1.52961773243469,0,0,0,0,1,1,2,0,3,2,3,1,1,3,0,0,1,0,0,1,1,0,2,0,1,0,0,2,0,17,18,18
-1.02083876203285,0,0,1,0,1,1,2,1,3,2,3,1,1,2,0,0,1,0,1,1,1,1,4,3,1,0,0,3,0,13,14,14
0.944952764349685,0,0,1,1,0,1,2,2,1,2,1,1,0,0,0,0,1,0,0,1,1,1,3,3,2,0,2,4,0,13,14,14
-0.980599155571562,1,0,0,1,0,1,3,3,1,2,3,2,1,1,0,0,1,0,1,1,1,1,1,2,3,1,2,1,2,13,12,12
0.0777784036713089,1,0,0,1,1,1,3,2,2,2,1,2,1,1,0,0,1,0,0,1,1,1,3,3,4,0,1,1,0,12,13,13
-0.783171652559768,0,0,0,1,0,1,3,2,2,2,3,0,0,3,0,0,1,0,0,1,1,1,3,2,2,0,0,2,0,15,16,16
-0.565879340730675,0,0,1,1,1,1,3,3,4,4,1,1,0,0,0,0,1,0,0,1,1,1,0,3,1,1,1,0,0,17,17,16
-1.25360877862561,0,0,0,1,1,0,3,3,1,2,1,1,0,1,0,0,1,1,0,1,1,1,3,1,3,0,0,3,0,13,14,14
-1.07081673641005,1,0,1,1,1,1,3,3,2,4,1,0,1,0,0,0,0,0,0,1,1,1,3,0,0,1,1,4,0,11,12,12
0.981395123722143,0,0,0,0,0,1,3,3,3,3,3,1,1,2,0,0,1,0,1,1,1,1,4,2,3,0,0,4,0,6,6,7
-0.207863586164516,1,0,0,1,0,1,3,1,2,2,3,1,1,2,0,0,1,0,0,1,1,1,3,2,2,0,0,2,0,15,15,15
-0.735526307163436,1,0,0,1,0,1,2,1,1,1,3,0,0,3,0,0,1,0,1,0,1,1,4,1,1,0,1,4,0,17,17,17
-0.85415155721132,1,0,1,0,1,1,1,0,0,3,0,1,1,2,1,0,0,0,1,1,1,1,3,2,0,0,0,4,0,8,9,10
1.12474394929862,0,0,1,1,0,0,2,1,3,2,0,2,0,0,2,0,0,0,1,1,1,0,4,4,2,0,0,4,0,13,14,14
-1.85240640140803,0,0,1,0,0,1,2,2,2,3,3,0,0,1,0,0,0,0,1,1,1,0,3,4,2,0,1,4,0,9,9,10
-1.12791609030283,0,0,0,1,0,1,0,3,2,4,1,1,0,1,0,1,1,0,0,0,1,0,2,3,3,0,1,4,2,9,9,10
-1.47865526681595,1,0,0,1,0,1,1,0,3,2,0,1,1,1,0,0,1,0,1,1,1,1,4,2,2,0,1,0,2,11,11,14
0.40122906026081,0,0,0,1,0,1,1,2,2,2,0,0,1,1,0,0,0,0,1,1,1,1,3,1,0,0,0,2,2,10,11,13
-3.68409264895224,1,0,0,0,0,1,3,3,4,4,0,1,0,0,0,0,0,0,1,1,1,1,3,3,3,0,0,4,2,14,15,16
-0.311986772028028,1,0,0,1,0,1,3,2,2,2,0,1,0,2,0,0,1,0,1,1,1,1,3,2,3,0,0,4,2,13,14,16
-0.773334483740328,1,0,0,1,1,1,3,2,1,3,0,1,1,0,0,0,1,0,0,1,1,1,2,1,3,0,3,0,8,11,11,14
0.0922328589625784,0,0,0,0,0,1,2,3,0,3,0,0,0,2,0,0,1,0,1,0,1,1,3,2,3,1,4,4,2,14,14,16
-2.03521451124542,1,0,0,1,0,1,2,2,0,2,0,0,0,1,0,0,1,0,0,1,1,1,3,0,3,0,0,2,8,10,11,13
-1.66322659657784,1,0,1,1,0,1,3,1,1,2,0,1,1,1,0,0,1,0,1,1,1,1,4,3,3,0,0,0,9,10,9,9
-1.85459524775651,1,0,0,1,0,1,3,3,4,2,0,1,0,1,0,0,1,0,0,1,1,1,3,3,3,2,2,4,0,11,10,12
-0.761460722623158,0,0,0,1,0,1,2,3,2,2,0,1,0,0,0,0,1,0,1,1,1,1,4,3,3,0,0,0,4,10,11,13
0.719215299646615,1,0,0,1,0,1,3,3,1,1,0,1,0,0,0,0,0,0,1,1,1,1,4,2,3,0,1,4,2,13,14,16
2.76821947503873,0,0,0,1,0,0,3,2,3,3,0,1,0,1,0,0,1,0,0,1,1,1,4,1,1,0,1,4,14,14,13,16
-0.56296156342728,0,0,0,1,1,0,2,2,3,2,1,1,0,1,0,1,1,0,0,1,1,1,4,2,2,0,0,4,0,11,11,12
-2.3332562095976,1,0,0,1,1,1,1,0,2,2,1,0,0,1,0,0,0,0,1,1,1,1,3,1,2,1,1,1,2,10,11,13
-0.119328439678294,0,0,1,1,1,1,3,3,2,2,3,0,0,0,0,0,1,0,0,1,1,1,3,1,4,2,3,4,2,7,8,10
0.820951907051134,1,0,0,1,0,1,0,0,2,2,0,2,2,2,0,0,0,0,1,1,0,0,0,4,4,3,2,4,12,9,9,10
-0.615070823087213,1,0,0,1,1,0,0,0,2,2,0,2,2,1,2,0,1,0,0,0,1,1,4,2,3,0,0,3,2,7,7,8
-1.25258480600356,0,0,0,1,0,1,1,1,2,2,0,1,0,0,0,0,1,0,1,1,1,1,3,2,4,1,3,4,2,9,9,9
1.22814017511923,1,0,0,1,0,1,1,1,2,2,0,1,0,1,0,0,1,0,0,1,1,0,3,1,1,0,0,2,4,13,12,12
-3.1164400538097,1,0,0,0,1,1,1,1,3,3,0,1,0,2,0,0,1,0,1,1,1,1,2,2,1,1,1,2,0,10,10,9
-0.130655929045099,1,0,0,1,0,1,2,0,3,3,0,0,0,2,0,0,1,0,0,0,1,1,2,3,2,1,2,4,0,16,17,16
-0.0852183580106463,1,0,0,1,1,1,-1,1,0,0,1,0,1,2,0,0,0,0,0,1,1,1,2,2,2,1,2,1,0,13,13,14
0.087678137681384,1,0,0,1,0,1,0,0,2,2,1,1,1,2,0,0,0,0,1,1,1,1,3,4,4,0,1,1,0,13,13,13
0.56286588564033,1,0,1,1,0,1,3,3,2,2,0,1,0,2,0,0,0,0,1,1,1,1,3,2,2,1,1,2,0,12,13,12
3.16533657692559,0,0,1,1,0,1,2,2,2,3,3,1,0,0,0,0,0,0,1,0,1,1,3,2,4,2,4,4,0,16,17,16
-0.348446942123021,1,0,1,0,0,1,1,1,3,2,0,1,3,0,0,0,1,0,0,1,1,1,3,3,4,4,4,3,2,10,9,9
-1.71168343084502,0,0,0,1,0,1,3,3,4,3,0,1,0,2,0,0,1,0,1,1,1,1,4,3,3,0,2,3,0,12,11,12
-1.28092332057445,1,0,0,1,0,1,3,3,4,4,0,1,1,2,0,0,1,0,0,0,1,1,3,2,2,0,1,3,4,14,13,14
-1.68164524837861,1,0,0,1,0,1,2,2,0,2,0,1,0,0,0,0,1,1,1,1,1,1,3,1,4,1,4,4,2,10,11,10
-0.287293290984428,0,0,1,1,1,1,1,1,2,2,0,1,0,3,0,0,1,1,1,1,1,1,3,4,4,1,3,4,0,10,10,11
-0.00865129046612034,1,0,1,0,0,1,2,1,0,3,1,2,0,0,0,0,1,0,0,0,1,0,4,2,3,1,1,4,0,10,9,9
0.728049223121749,0,0,0,1,0,1,1,1,0,2,0,1,3,1,0,0,0,0,1,1,1,0,3,1,4,0,0,1,2,9,8,9
0.0617249585970097,0,0,0,0,0,1,1,3,0,2,0,0,0,2,0,0,1,0,0,1,1,1,3,3,2,0,0,4,0,14,14,14
0.400692635374738,0,0,1,1,0,1,1,1,2,2,3,1,0,0,0,0,0,0,0,0,1,1,4,3,1,0,1,4,6,14,13,14
-0.712233403281699,1,0,0,1,0,1,2,2,3,3,1,1,0,1,0,0,0,0,1,1,1,1,4,2,3,0,0,3,8,9,10,11
0.774259644213908,1,0,0,1,1,1,1,1,2,2,1,2,0,1,0,0,0,0,1,0,1,1,3,2,2,0,0,1,0,9,8,11
-0.76972762899579,1,0,0,0,0,1,1,1,0,2,0,1,1,3,0,0,0,0,1,1,1,0,3,3,3,0,0,3,6,13,12,13
0.129344054678099,1,0,0,1,0,1,2,3,3,2,0,1,0,2,0,0,0,0,0,1,1,1,3,3,4,0,2,4,8,10,12,13
0.417030027968989,1,0,0,1,0,1,2,1,2,2,1,1,0,1,0,0,1,0,0,1,1,1,3,2,1,1,2,1,0,11,12,14
-1.7452670344432,0,0,0,1,1,1,2,2,3,3,1,1,0,3,0,0,1,0,0,1,1,1,4,2,2,0,0,0,4,13,13,14
-0.523435799726218,1,0,0,0,0,0,2,1,2,2,1,1,0,1,0,0,1,0,0,1,1,1,3,2,2,1,2,1,0,13,13,15
0.26608900804498,0,0,1,1,0,1,3,3,4,3,1,0,0,1,0,0,1,0,1,1,1,1,3,2,2,1,1,1,0,11,11,12
-0.933902089557968,0,0,1,1,1,1,2,3,3,2,1,1,0,1,0,0,0,0,1,1,1,1,3,2,2,0,2,4,6,15,15,16
-0.559060622965541,1,0,0,1,0,0,1,1,0,0,1,0,0,1,0,0,1,0,0,1,1,1,2,2,0,0,1,3,18,9,11,13
-0.182113143480852,1,0,0,1,0,1,1,2,0,2,0,1,0,2,0,0,1,0,0,1,1,1,3,2,2,0,1,2,0,10,11,13
0.383302232644565,0,0,0,1,0,1,2,1,2,3,2,1,0,2,0,0,0,0,0,1,1,1,4,3,2,1,2,0,4,13,15,16
0.132631263003736,0,0,1,0,0,1,3,2,4,3,0,1,0,2,0,0,0,0,0,1,1,1,4,2,1,0,1,3,4,14,13,16
-0.369214957169976,0,0,1,1,0,1,3,2,4,2,0,1,0,2,0,0,1,0,0,1,1,1,4,3,4,1,2,4,0,13,12,13
-1.80563084201676,1,0,0,1,0,1,3,2,1,2,3,1,0,2,0,0,1,0,1,1,1,1,3,3,2,0,2,3,0,10,11,12
-1.27410718886219,0,0,0,1,0,1,1,0,3,2,0,1,1,1,0,0,1,0,1,1,1,1,3,2,3,1,1,0,10,11,14,14
0.318741314064855,1,0,0,1,0,1,1,0,3,2,3,1,0,1,0,0,1,0,1,1,1,1,3,2,4,1,3,3,4,11,15,15
0.548496124859488,1,0,0,1,1,0,1,2,0,2,1,2,1,0,1,0,0,0,0,1,0,1,1,1,2,2,3,4,16,9,10,10
-1.70013719128892,1,0,0,1,0,1,2,0,2,0,1,1,0,0,1,0,1,1,0,1,1,1,3,0,1,0,0,2,6,9,12,12
-0.629039265671253,1,0,0,1,1,1,3,3,2,2,3,2,0,2,2,0,0,1,1,1,1,1,2,2,1,0,0,4,0,8,11,11
3.07466855208254,0,0,1,1,1,1,1,1,3,3,3,1,0,1,0,0,1,0,1,0,0,1,3,3,3,0,2,2,11,8,10,11
0.715847212865947,0,0,1,1,1,0,2,3,2,2,3,2,0,1,0,0,0,0,1,1,1,1,3,2,4,0,3,1,9,12,13,14
-0.86159257635151,0,0,0,1,0,1,1,1,3,3,3,1,0,1,0,0,1,0,1,1,1,1,3,2,3,0,2,3,0,12,16,16
1.05508091130328,0,0,1,1,1,0,3,3,1,2,3,1,0,2,0,0,1,0,0,1,1,1,3,3,1,0,1,3,2,11,14,14
-1.92766985699068,1,0,0,1,1,1,3,1,4,2,0,1,0,1,0,0,1,0,1,1,1,1,3,1,1,0,0,2,0,13,16,16
2.15313120584869,0,0,1,0,1,1,0,0,0,2,0,2,1,1,2,0,1,0,1,1,0,1,4,2,2,4,1,3,21,8,9,9
-1.1840834367213,1,0,0,0,0,1,0,0,2,2,3,2,1,2,0,0,0,0,0,1,1,1,2,1,1,0,2,2,8,10,14,14
2.50201124221799,0,0,0,1,0,1,3,3,4,2,1,2,0,0,1,0,1,0,0,1,1,1,2,1,4,3,3,4,5,8,9,10
-1.78673224813529,0,0,1,1,1,0,2,1,2,2,3,1,0,1,0,0,1,0,0,1,1,1,3,3,3,0,1,4,10,15,17,17
0.730952660302991,1,0,0,1,0,1,2,1,0,2,3,0,0,2,0,0,1,0,0,1,1,1,3,2,3,0,1,1,5,13,16,16
2.30946032731924,0,0,1,0,0,1,1,2,2,3,3,0,0,0,0,0,0,0,0,1,1,1,2,0,2,3,4,3,13,12,13,13
2.190251848948,0,0,1,1,0,1,1,0,2,2,3,1,0,0,0,0,0,0,0,1,1,1,4,2,3,0,3,3,10,6,10,10
-0.401485167608149,0,0,0,1,1,0,1,1,3,2,3,1,1,1,0,0,1,0,0,1,1,1,3,0,3,0,2,3,10,13,16,16
-1.38754137440004,1,0,0,1,0,1,0,-1,2,2,3,1,1,0,1,1,0,0,0,1,1,1,4,2,0,0,0,4,5,7,9,9
0.110243941633373,1,0,0,1,0,1,2,1,3,2,1,1,0,1,0,0,1,0,1,0,1,1,2,0,1,0,1,0,4,9,12,12
-1.95321216183459,0,1,0,1,0,1,0,2,0,2,2,0,1,0,0,0,1,0,0,1,0,1,3,2,2,0,2,4,11,9,10,10
-2.73137992158399,1,1,0,0,0,1,1,1,2,2,0,1,1,1,0,0,1,0,1,1,1,1,3,3,3,0,0,4,0,11,11,11
-0.04061030024198,1,1,0,0,0,1,0,0,0,3,2,1,0,0,1,0,1,0,0,1,1,0,3,0,2,0,0,1,6,9,9,9
-0.231825309318011,1,1,0,0,0,1,2,2,0,2,0,1,1,0,0,0,1,0,0,1,1,1,4,3,3,1,2,4,4,9,9,10
-0.116054090197802,0,1,0,0,0,1,1,2,0,3,0,1,1,1,0,0,0,0,0,1,1,0,3,4,1,0,1,4,0,15,16,16
-1.11510115581566,1,1,0,0,1,1,1,0,0,2,1,1,1,0,0,0,0,0,0,1,0,0,0,2,3,0,0,0,0,5,7,8
-0.646403237489708,0,1,1,0,1,0,3,3,0,2,1,1,0,1,0,0,1,0,0,1,1,0,4,2,1,0,2,1,5,9,10,10
0.0627180847164798,0,1,1,1,0,0,0,1,2,2,2,1,0,2,0,1,0,0,0,1,1,1,3,3,2,0,0,4,0,9,10,10
-0.463541456713719,1,1,0,0,0,1,2,1,0,2,0,0,0,1,1,0,0,0,0,1,1,0,3,4,3,0,1,4,0,9,9,9
-3.45869752459216,1,1,0,0,0,1,0,0,2,2,2,0,0,0,1,0,1,0,0,0,0,1,4,3,3,1,1,4,0,5,5,6
-2.9051397706722,1,1,0,0,0,1,3,3,4,2,0,1,1,0,0,0,0,0,0,1,1,1,0,4,0,2,4,4,0,12,13,13
-0.951521283652666,0,1,0,1,1,0,1,1,0,2,3,1,1,3,0,0,0,0,1,0,0,0,0,1,0,0,0,0,4,9,8,10
-0.672963093492325,1,1,0,0,1,1,0,0,0,3,3,0,1,1,0,0,1,0,0,1,1,1,4,3,2,0,1,3,0,9,9,9
-1.78436963989676,1,1,0,0,1,1,0,0,2,3,0,1,1,0,1,0,1,0,0,1,1,1,3,3,2,0,1,1,4,5,6,7
-0.406185293761276,0,1,0,0,0,1,-1,1,2,2,2,1,1,0,0,0,1,0,1,1,1,0,2,1,2,0,1,1,0,11,10,11
-1.4521526656781,1,1,0,0,0,1,1,2,2,2,0,1,1,0,0,0,1,0,0,1,1,1,4,4,4,0,2,2,2,9,10,11
-0.284712060740998,0,1,0,0,0,1,2,2,2,3,0,0,1,0,0,0,0,0,0,0,1,1,3,0,2,0,0,3,0,13,15,15
-2.33652851784926,1,1,1,1,0,1,0,0,0,3,1,1,1,1,0,0,1,0,1,1,1,0,4,3,4,3,4,2,0,6,-1,-1
1.68324443296123,0,1,1,1,0,1,0,0,2,2,1,1,0,1,0,0,0,1,0,0,1,1,3,3,2,1,3,4,4,7,8,8
-0.907068217779781,1,1,1,0,1,1,3,0,1,3,3,0,0,1,0,0,1,0,1,1,1,1,4,2,3,0,1,1,0,11,12,13
-1.61103834576445,1,1,1,0,1,1,3,0,1,3,3,0,0,1,0,0,1,0,1,1,1,1,4,2,3,0,1,1,7,6,8,7
1.45015115841319,0,1,1,0,0,1,2,3,2,1,2,1,2,1,0,0,0,0,0,0,1,0,2,3,4,0,1,4,4,8,9,10
-0.133277095530913,0,1,1,0,0,1,0,0,2,2,0,1,3,1,0,0,1,0,1,1,1,0,4,3,4,1,3,3,8,6,8,8
-0.268842690375797,0,1,1,1,1,1,2,2,0,0,3,0,0,1,0,0,1,0,1,1,1,1,4,2,2,0,0,4,0,10,10,10
0.303768865355278,0,1,1,0,0,1,1,0,2,2,2,1,2,0,0,0,0,0,1,1,0,0,4,4,4,4,4,2,8,7,9,8
-0.655578320920227,1,1,0,0,0,1,3,3,4,4,0,1,1,2,0,0,0,0,1,1,1,1,3,1,1,0,0,3,6,15,15,16
-0.859582817029577,1,1,0,0,0,1,0,1,2,3,0,1,1,0,0,0,0,0,0,1,1,0,4,0,1,0,0,0,3,10,12,12
0.127390479006662,1,1,0,0,0,1,1,2,2,3,0,1,2,1,0,0,1,0,0,1,1,1,3,4,3,0,1,0,2,14,14,14
1.05719198403578,0,1,1,0,0,1,0,1,2,2,0,0,1,1,0,0,0,0,0,1,1,0,3,2,2,0,0,4,0,9,10,10
0.709569444141658,1,1,0,0,0,1,1,1,2,2,0,1,2,1,0,0,1,0,0,1,1,1,3,3,4,0,0,3,4,8,9,10
-0.741944560998116,0,1,0,1,0,1,0,1,2,3,0,1,0,2,1,0,1,0,0,1,1,0,0,2,1,0,1,3,0,9,7,7
-0.647153984913691,1,1,0,1,0,1,0,1,2,3,0,1,0,2,1,0,1,0,0,1,1,0,0,2,1,0,1,3,3,8,7,7
0.103406714290485,0,1,0,1,0,1,1,0,0,2,1,1,0,1,0,1,1,0,0,0,1,1,3,3,1,2,2,1,0,8,9,8
-1.13395105282269,0,1,0,1,0,1,0,0,0,2,0,0,0,1,0,0,1,0,0,0,1,0,4,3,2,1,0,1,0,12,13,14
1.44185858249845,0,1,1,0,1,1,0,1,0,3,3,1,0,0,0,0,1,0,1,1,1,1,4,4,4,4,4,2,4,9,10,10
-1.57939375564314,1,1,0,0,0,1,0,0,2,2,1,0,3,3,0,0,1,0,0,0,1,1,3,2,1,0,0,0,0,12,9,12
-1.28153756477053,1,1,0,0,0,1,0,0,0,2,2,0,3,2,0,1,1,0,0,1,1,0,3,3,2,0,0,4,2,9,8,9
-0.380367862251972,1,1,0,0,0,1,0,0,0,2,1,0,1,1,0,0,1,0,1,1,1,1,3,2,2,0,0,1,1,10,9,10
0.365090160618027,1,1,0,0,0,1,0,0,0,2,2,1,1,0,0,0,0,0,1,1,1,1,3,1,1,3,2,1,0,12,11,13
-1.46008487686931,1,1,0,0,0,1,0,0,0,0,0,0,2,1,0,0,1,0,0,1,1,0,3,1,0,0,1,1,0,12,13,13
-2.26677408522773,1,1,0,0,1,1,1,1,2,2,2,0,0,2,0,1,1,0,0,1,1,0,3,3,2,1,1,4,2,13,10,11
-2.78816177549716,1,1,1,0,0,1,0,0,0,2,2,0,1,0,0,0,0,0,1,1,1,0,2,3,3,2,3,4,6,10,10,10
-1.70580715542838,1,1,0,1,0,1,0,1,2,2,0,0,0,1,1,0,1,0,1,1,1,1,2,3,3,1,2,4,9,8,7,7
-1.60618645025916,1,1,1,1,0,1,2,0,2,3,1,1,1,0,0,0,1,0,0,1,1,0,2,1,2,0,2,3,0,9,8,10
-0.0341327243704612,0,1,0,0,0,1,1,1,2,3,0,0,2,1,0,0,1,0,1,1,1,1,4,2,3,0,0,1,1,13,12,13
-1.78012194752192,0,1,1,1,0,1,1,1,1,2,3,1,2,0,0,0,0,0,0,1,1,0,3,2,2,0,1,3,1,12,11,12
-0.313807737182255,0,1,1,1,0,1,3,3,2,4,0,0,0,1,0,0,1,0,1,1,1,0,3,2,0,0,0,2,0,12,11,12
-1.10288638395882,1,1,0,0,0,1,2,2,3,2,3,1,0,1,0,0,1,0,0,1,1,1,3,4,3,0,0,0,4,12,11,11
1.66650054722319,1,1,0,0,0,1,1,1,0,2,0,1,1,1,1,0,1,0,1,0,1,0,3,3,3,1,2,4,2,11,10,11
-0.9426159456732,1,1,0,0,1,1,1,1,2,2,1,0,2,0,0,0,1,0,1,1,1,0,3,2,1,0,0,3,0,13,13,15
0.0125169402891709,1,1,1,1,1,1,1,0,0,3,0,1,1,0,0,0,1,0,1,1,1,1,1,3,2,1,2,3,4,9,7,9
0.0781451199628039,0,1,1,0,1,1,0,2,0,2,3,0,2,0,0,0,1,0,1,1,1,1,3,1,3,2,4,2,2,9,10,10
0.343258517040517,0,1,0,1,0,1,1,1,2,3,0,1,1,2,0,0,1,0,1,1,1,0,4,2,1,0,0,3,0,11,12,13
1.10942838544619,1,1,0,0,1,1,1,0,2,2,1,1,0,0,0,0,1,0,0,1,1,1,4,3,2,0,0,4,2,9,7,7
-2.94060120702056,1,1,1,1,0,1,2,2,3,3,0,0,1,0,0,0,1,0,1,0,1,1,3,2,2,1,3,2,11,11,9,10
1.97357646382123,0,1,0,0,0,1,0,0,0,2,0,0,1,1,3,1,1,0,0,1,1,0,2,3,2,0,0,0,0,6,6,7
-2.33444219265545,1,1,0,1,0,1,1,1,2,0,0,1,0,0,0,0,1,0,1,1,0,0,3,4,2,0,0,4,4,8,8,9
1.80902606300843,1,1,0,1,0,1,1,2,0,3,0,2,0,0,1,0,0,0,0,1,0,1,3,3,3,0,0,1,0,8,8,9
-2.74698100294746,1,1,0,0,0,1,1,0,0,2,0,1,2,0,0,0,1,0,1,1,0,0,4,4,2,0,0,2,2,8,9,10
-0.394136200050399,1,1,0,0,1,1,0,0,0,2,0,1,1,0,0,0,1,0,0,1,0,0,4,1,0,0,2,3,0,8,9,8
-1.01294407581857,1,1,0,0,0,1,1,1,2,2,0,0,2,1,0,0,1,0,0,1,0,1,2,3,4,0,1,0,1,8,9,10
-1.45576591752007,1,1,0,1,1,0,1,1,2,2,1,1,0,0,0,0,1,0,0,1,0,0,3,2,3,0,1,0,6,6,6,7
-4.72549794346468,1,1,0,0,0,1,1,1,0,2,0,1,1,1,0,0,1,0,0,1,1,1,3,2,4,0,1,3,0,10,9,10
-1.87835923874462,1,1,0,1,0,1,1,1,2,3,0,0,0,0,1,0,1,1,1,0,1,1,3,3,2,0,3,2,1,8,9,9
0.85632167384936,1,1,0,0,1,0,2,1,2,2,0,2,1,2,2,0,1,0,0,0,0,0,2,2,1,0,0,1,6,6,8,9
-0.0956759644348624,1,1,0,1,0,1,0,0,0,3,0,1,0,2,1,0,0,0,1,1,0,0,4,2,0,0,0,2,6,6,8,8
-0.480614691614762,0,1,1,0,0,1,0,0,2,2,1,1,1,0,1,0,0,0,1,1,0,1,3,3,2,2,3,3,0,7,8,9
-0.947109017875421,1,1,0,0,0,1,0,0,0,0,0,1,1,0,1,0,0,0,0,0,0,1,2,1,2,0,0,1,4,8,10,9
0.471362380996553,1,1,0,1,0,1,0,0,2,2,0,2,1,1,1,0,1,0,0,1,1,1,0,0,3,3,0,0,12,6,7,8
0.298169798847284,0,1,0,0,0,0,1,1,1,2,0,1,0,1,0,0,0,0,0,0,1,0,2,2,1,0,0,2,2,7,9,9
0.0497404968689859,1,1,0,1,0,1,-1,0,2,0,0,0,1,0,0,0,0,0,1,0,1,0,1,3,3,2,4,4,5,8,8,9
-2.87553238992041,1,1,0,0,1,1,0,1,0,2,0,1,0,1,0,0,0,0,1,1,0,1,3,3,4,0,2,2,0,7,8,8
-1.60144254524629,1,1,0,1,0,1,2,2,2,2,3,1,0,0,0,0,0,0,1,1,0,1,3,4,3,0,0,3,0,13,12,12
-2.61512054669682,1,1,0,0,1,1,0,0,3,3,1,1,0,0,0,0,1,0,1,1,1,1,3,3,3,1,1,3,2,13,13,13
0.72035376883371,0,1,1,1,0,1,2,2,3,0,0,1,1,3,1,0,1,1,1,1,1,0,4,3,4,2,3,4,0,9,10,9
-2.51771886222534,1,1,0,1,0,1,1,0,2,3,0,1,0,1,0,0,1,0,1,1,1,1,4,2,2,0,0,0,0,13,12,13
-0.89865563252761,1,1,0,1,0,1,1,1,3,2,0,1,0,0,0,0,1,1,1,1,1,0,3,1,4,0,1,4,0,16,15,15
1.39604094357448,1,1,1,1,0,1,0,1,2,2,0,0,0,0,1,0,1,0,1,1,0,1,4,2,4,4,4,0,12,5,6,6
-2.01538596128027,0,1,1,1,1,1,3,2,2,2,0,0,0,0,0,0,0,0,1,1,1,1,3,1,4,0,4,4,8,13,11,12
-1.77628832739256,0,1,1,0,1,1,1,1,3,3,2,1,2,3,1,0,1,0,0,1,1,0,0,2,4,2,4,2,2,9,7,8
-1.23279085110344,1,1,0,1,0,1,0,0,2,2,0,2,0,3,0,1,1,0,1,1,1,1,1,1,0,0,0,4,0,13,13,13
0.0184468871211806,1,1,0,1,1,1,1,1,2,2,1,1,0,2,0,0,0,0,0,1,1,1,4,3,4,0,0,0,0,11,12,12
-1.50207988825809,1,1,0,0,0,1,0,0,0,2,3,1,1,0,0,0,1,0,1,0,1,1,3,3,4,0,1,4,0,10,10,10
0.468325511931313,1,1,0,1,0,1,2,2,0,3,2,1,1,1,1,0,0,0,1,1,1,1,2,2,3,1,3,2,8,10,8,9
-0.733314633119443,1,1,0,1,1,1,0,0,2,3,0,0,0,2,0,0,1,0,0,1,1,0,3,2,2,0,0,2,0,10,10,9
-0.555734286112971,1,1,1,0,0,1,1,1,2,2,0,1,2,0,1,0,1,0,0,0,1,1,3,3,4,0,1,4,0,9,8,8
-1.66349441075982,1,1,0,0,1,1,0,0,0,2,0,0,2,1,0,0,1,0,0,1,1,0,4,2,1,0,0,0,0,15,16,17
-1.43778030108731,1,1,0,0,0,1,1,1,2,2,3,1,1,1,0,0,1,0,1,1,1,0,4,2,1,0,0,0,0,14,16,16
-1.43019893528732,1,1,0,1,0,0,0,-1,2,2,2,1,1,1,0,0,0,0,0,1,1,1,3,3,4,0,0,3,1,10,8,9
0.54519435754387,1,1,0,0,0,1,0,0,0,2,2,1,0,1,1,0,1,0,0,1,1,1,3,2,1,0,0,4,9,6,6,6
-0.805601745282148,0,1,0,1,0,1,2,0,2,2,0,1,0,0,0,0,0,0,1,1,1,1,2,0,2,0,2,0,0,7,5,7
-0.794491222726952,0,1,0,1,0,1,2,1,3,0,0,1,0,0,0,0,0,0,0,1,1,1,2,0,2,0,3,2,2,6,5,6
-1.24919346688098,1,1,0,1,1,1,0,0,2,0,3,1,1,1,0,1,0,0,0,1,1,0,1,2,4,0,3,2,8,8,7,9
1.74642731715668,0,1,0,0,0,1,3,3,1,4,3,0,0,1,0,0,0,0,1,0,1,1,3,2,2,1,2,1,0,13,15,15
0.146560973747901,1,1,0,0,1,1,0,1,2,2,3,1,1,0,0,0,0,0,1,1,1,1,4,3,4,0,3,1,0,13,13,14
-2.75032262723979,1,1,0,1,0,0,1,3,2,3,3,0,0,1,1,0,1,0,0,1,1,1,1,2,1,0,2,0,8,7,4,7
-2.04370654745056,1,1,1,0,0,1,1,0,2,3,3,1,1,1,0,0,0,0,1,1,1,1,4,1,0,0,0,1,0,7,6,-1
-0.853522693060493,1,1,0,1,1,1,0,0,0,2,2,1,2,1,0,0,1,0,0,1,1,1,3,2,1,0,2,4,6,5,7,7
-1.53468922794434,1,1,0,0,0,1,1,2,0,3,2,1,1,1,0,0,1,0,1,1,1,1,2,2,2,0,0,1,0,7,9,9
-1.24489883144888,0,1,0,1,0,1,3,3,1,1,0,1,0,1,0,0,1,0,0,1,1,1,3,2,3,0,1,2,4,7,7,7
0.883016886461174,0,1,1,1,1,1,3,3,0,1,1,1,0,3,0,0,1,0,1,1,0,1,4,4,4,4,4,4,2,4,5,5
-0.187830647308086,1,1,0,0,1,1,2,3,0,2,2,1,2,1,0,0,1,0,0,0,1,0,3,1,0,0,0,1,2,6,8,7
-1.54071047928434,0,1,1,1,1,1,3,3,2,3,1,1,0,2,0,0,1,0,0,1,1,1,3,3,2,0,1,4,0,14,13,15
1.75390037469032,1,1,0,0,0,1,3,0,2,2,2,1,0,0,0,0,0,0,0,1,1,1,3,1,2,0,1,4,1,12,13,13
-1.45186664925487,1,1,1,1,1,1,1,1,3,3,2,1,3,2,0,0,0,0,0,1,1,0,4,0,2,1,1,2,0,9,8,9
-1.47609194546219,1,1,0,0,0,1,1,1,0,2,2,1,0,0,0,0,1,1,0,1,1,1,4,0,2,0,1,4,5,8,8,8
-2.00675382565554,0,1,0,1,1,1,3,3,3,3,2,0,1,0,0,0,1,0,0,1,1,0,4,0,2,0,1,4,1,10,10,10
0.791910716581678,0,1,1,1,0,1,2,2,3,3,1,1,0,0,0,0,1,0,1,1,1,1,3,0,3,4,4,2,8,6,9,8
-0.384377654987307,1,1,1,1,0,1,0,0,0,3,2,1,2,1,0,0,0,0,0,1,1,1,4,0,2,2,2,0,0,9,9,9
-0.429842849523032,1,1,1,1,0,1,1,0,1,3,2,1,1,1,0,0,0,0,0,0,1,1,3,1,1,0,3,4,2,8,6,7
1.3048997413443,1,1,0,1,1,1,1,0,2,3,2,1,0,1,0,0,0,0,0,1,1,1,2,1,1,0,0,2,0,13,14,15
-0.912631010164032,0,1,1,1,1,1,3,3,4,1,2,0,0,0,0,0,1,0,0,1,1,1,3,0,1,1,4,4,0,10,11,11
-1.39642810778645,0,1,1,0,0,1,0,1,2,3,0,1,2,1,0,0,1,0,1,1,1,0,4,4,4,0,2,4,11,8,10,9
-0.472575843464813,1,1,1,1,1,0,1,1,2,2,3,1,2,3,0,0,1,0,1,1,1,0,4,3,4,1,2,4,8,12,13,13
-0.293347587489678,1,1,1,1,1,0,1,0,3,3,0,1,0,0,0,0,0,0,1,1,1,1,3,2,2,0,1,4,11,11,12,11
0.536069557175943,1,1,0,0,1,1,1,1,2,2,0,1,0,2,0,0,1,0,0,0,1,0,3,2,2,1,1,4,2,10,10,10
-0.375522460518554,1,1,0,1,1,1,3,0,2,2,1,1,1,1,0,0,1,0,1,1,1,1,0,1,3,1,1,0,8,8,9,9
-0.481567311313598,0,1,0,1,0,1,2,1,0,2,1,1,1,0,0,0,0,0,0,1,1,0,3,2,2,1,1,0,5,8,10,10
0.625320031450456,0,1,0,0,0,1,1,1,2,2,2,1,1,1,0,1,0,1,0,1,1,0,4,0,2,0,0,4,0,10,8,10
-1.88134384741397,0,1,0,1,0,1,3,3,4,3,0,1,1,2,0,0,1,0,0,1,1,1,4,2,4,0,3,4,1,9,10,11
0.0598545877510267,0,1,1,0,0,1,3,3,1,2,0,0,2,0,3,0,0,0,1,1,1,1,2,2,2,0,2,4,2,8,8,7
-0.454451686681436,0,1,1,0,1,1,0,2,2,2,0,0,1,0,0,0,0,0,1,1,1,0,4,0,1,2,2,4,2,11,10,11
0.796507071594954,0,1,1,1,0,1,2,3,3,2,2,1,0,1,1,0,1,0,1,0,1,1,4,3,3,2,3,4,8,7,8,7
0.45453746425488,0,1,0,1,0,1,3,3,1,1,0,0,0,1,0,0,1,0,0,1,1,1,4,1,4,0,0,4,0,12,14,15
-0.286846219348196,0,1,1,0,1,1,3,0,2,0,2,0,0,0,0,0,0,0,0,1,1,1,3,0,1,1,0,1,0,9,10,10
-1.47590854627763,1,1,0,1,0,0,0,0,0,0,2,1,0,1,0,0,0,0,1,1,1,1,3,4,4,0,1,2,2,10,9,10
-1.73324501952087,1,1,0,0,0,1,3,1,2,2,0,1,1,1,0,1,1,0,0,0,1,1,3,2,2,1,2,4,0,16,17,17
0.322420752013053,0,1,1,1,1,0,1,1,2,3,0,0,1,1,0,0,1,0,0,0,1,1,3,0,1,1,1,4,0,11,12,12
-1.1411611626612,0,1,1,1,0,1,2,1,2,2,2,0,1,1,0,0,1,1,0,1,1,1,3,0,1,1,1,0,0,12,13,12
1.47269406291066,1,1,1,1,0,1,0,0,2,2,2,1,0,1,2,0,1,0,1,1,0,1,3,3,2,2,3,3,2,8,8,9
-0.774898154596002,1,1,1,1,1,0,0,-1,2,2,1,1,0,0,0,0,0,0,0,1,1,0,3,0,1,0,0,4,4,10,10,11
-0.627361519647305,1,1,0,0,0,1,0,0,0,0,0,0,1,0,0,0,1,0,1,1,0,1,2,4,4,1,1,3,3,9,10,9
-1.32122506983959,1,1,0,0,0,1,0,1,2,2,1,0,0,2,0,1,1,0,0,0,1,1,3,2,3,0,0,2,5,12,13,12
-0.529898218415944,0,1,1,0,1,1,0,1,2,0,0,1,0,0,0,0,0,0,0,1,1,0,3,3,3,1,3,4,4,8,9,10
0.829873298893236,1,1,0,0,0,1,2,0,2,2,0,1,1,1,3,0,1,0,1,0,1,1,4,3,3,0,0,4,2,6,8,9
0.817345735424356,1,1,1,0,0,1,1,1,2,2,0,1,1,0,0,0,0,0,1,1,0,0,4,4,4,2,4,4,0,7,12,9
-1.15828559098284,1,1,1,0,0,1,0,-1,0,0,0,2,2,0,1,1,1,0,0,1,1,0,3,2,1,0,0,3,0,11,11,12
-0.28557290718786,0,1,1,0,0,1,0,0,2,3,0,1,1,0,0,0,1,0,1,0,1,1,3,4,4,0,2,1,0,9,8,9
-2.56069908198464,0,1,1,1,1,1,0,0,0,0,0,1,1,1,0,0,1,0,1,1,1,0,3,2,2,0,3,4,6,9,8,9
-2.26935649835534,1,1,0,0,1,1,1,1,2,3,0,0,0,1,0,0,0,0,1,1,1,0,4,3,2,0,0,0,0,10,12,11
-2.01971743235607,1,1,1,1,0,1,1,1,2,2,0,1,0,0,1,0,0,0,1,1,1,0,0,1,0,1,2,4,0,6,-1,-1
-0.202385013271326,1,1,1,0,0,1,2,1,3,2,0,0,1,0,0,0,0,0,0,1,1,1,3,4,4,1,2,4,2,10,8,9
-1.79349705625713,0,1,1,0,1,1,0,0,0,2,0,1,1,0,0,0,0,0,1,1,1,1,3,4,4,1,3,4,0,9,9,8
-1.69106507834048,1,1,1,0,0,1,0,0,3,2,0,2,1,0,1,0,1,0,0,1,0,1,4,2,2,1,2,4,2,8,6,8
-0.413665167125829,1,1,1,0,0,1,2,1,3,2,0,1,0,0,1,0,0,0,0,1,0,1,1,2,0,1,1,4,0,3,-1,-1
1.05476356378869,1,1,1,1,0,1,2,1,0,3,0,1,1,0,3,0,0,0,1,1,1,0,2,1,0,0,0,2,4,5,10,8
2.25012881052889,0,1,1,1,0,1,2,2,0,0,0,1,0,1,2,0,1,0,1,1,0,1,3,3,4,0,2,2,9,3,7,7
-1.86688548928536,1,1,1,0,0,1,1,1,3,3,0,1,1,0,0,0,1,0,1,1,1,1,4,3,2,1,3,3,6,6,7,7
0.0653915702809746,1,1,1,1,0,1,1,0,0,2,0,2,1,0,3,0,0,0,1,0,0,1,3,3,2,0,2,4,4,7,8,8
0.116265698140325,1,1,0,1,0,0,2,1,3,0,0,1,1,1,2,0,1,0,1,1,1,0,1,4,4,0,0,0,8,4,4,6
-0.762992523173246,1,1,0,1,0,1,0,0,2,0,0,1,0,0,0,0,1,0,1,1,1,0,3,2,1,0,1,4,9,6,8,9
-0.122992512669434,1,1,1,0,0,1,0,0,2,2,0,2,1,0,1,0,1,0,0,1,0,1,3,3,2,1,3,3,12,7,10,9
0.668593915426419,0,1,0,0,0,0,3,2,3,3,0,1,0,0,0,0,1,0,0,1,1,1,4,3,3,2,3,1,8,9,10,9
-1.06062224360148,1,1,1,0,0,1,2,1,2,2,0,1,1,0,0,0,1,0,0,0,1,1,1,4,4,4,4,4,8,8,9,10
0.696062260247155,0,1,1,0,0,1,0,0,2,3,1,2,2,1,1,0,0,0,0,1,1,1,4,3,3,2,2,1,8,9,8,10
-0.476700530722215,0,1,1,1,0,1,2,2,1,2,0,1,1,1,1,0,1,0,0,1,1,1,3,4,3,1,2,2,4,7,8,9
-0.053891725145399,1,1,1,1,1,1,0,2,0,3,0,1,0,0,0,0,0,0,0,1,0,1,3,2,2,1,2,2,0,8,9,8
0.249121779887128,1,1,1,0,0,1,0,0,2,2,1,2,2,0,1,0,1,0,0,1,1,1,3,3,3,2,2,4,4,7,8,9
0.315772852077355,0,1,0,1,0,0,0,1,0,2,0,1,1,1,2,0,1,0,0,1,1,0,3,2,2,0,0,4,2,5,7,7
1.36420374454148,0,1,0,1,1,0,0,0,0,2,0,1,0,0,0,0,1,0,0,1,0,0,0,3,3,0,0,4,0,5,7,6
1.40857175415953,1,1,0,0,0,1,1,1,2,2,2,1,1,0,1,0,0,0,0,1,0,1,4,4,4,0,0,2,0,7,5,-1
-2.14139371073884,1,1,0,0,0,1,-1,-1,0,2,0,1,1,0,0,0,1,0,0,1,1,1,3,3,2,0,0,4,0,9,10,10
1.70795905046816,1,1,0,0,1,0,2,0,2,0,0,2,1,2,0,0,1,1,0,1,0,0,3,1,2,1,1,2,5,7,6,7
-1.8680824954201,1,1,0,1,0,1,3,1,4,3,1,1,0,1,0,1,1,0,1,1,1,1,4,4,4,0,2,4,0,7,7,-1
-1.1952083507269,1,1,0,0,1,1,1,1,3,3,0,1,0,1,1,0,1,0,1,1,1,1,1,2,2,0,1,3,3,6,5,7
1.22989131631826,1,1,0,1,0,1,3,0,1,0,0,1,0,0,0,0,1,0,0,1,1,0,2,1,1,0,0,4,0,7,9,8
-0.451556117637746,0,1,0,1,1,1,0,1,0,2,0,0,0,0,0,0,0,0,0,1,1,1,4,4,0,0,0,2,0,6,9,9
1.18001334918654,1,1,0,1,0,1,0,0,2,2,0,1,2,1,2,0,0,0,1,1,1,0,2,3,3,1,1,4,3,6,7,6
0.378979980597148,0,1,0,1,0,1,1,1,3,0,3,0,1,1,0,0,0,0,1,0,1,1,3,2,4,0,0,0,2,11,12,13
1.66019393342754,0,1,0,1,0,1,2,2,3,3,0,1,1,0,0,0,1,0,0,1,1,1,3,3,2,0,0,3,0,10,11,12
-0.464564951011496,0,1,0,1,1,0,0,1,0,2,3,1,1,1,0,0,0,0,0,1,1,1,3,3,2,0,1,3,0,11,12,13
-1.62468750609072,1,1,0,1,0,1,3,3,4,4,3,1,1,1,0,0,0,0,1,0,1,1,3,2,4,0,1,0,0,17,17,17
-0.117113632473575,0,1,1,1,1,1,3,3,3,2,3,1,0,0,0,0,1,0,1,1,1,1,4,3,4,0,0,4,3,16,16,16
-1.70422008081588,1,1,0,1,0,1,3,1,2,2,0,1,1,1,0,0,1,0,0,1,1,1,3,2,2,0,1,3,0,16,17,17
-1.5136224155601,1,1,0,0,0,1,1,1,0,2,0,1,2,1,1,0,0,0,1,1,1,0,3,2,2,0,0,3,0,8,-1,-1
-0.942269661563408,0,1,1,1,1,1,0,1,0,3,1,1,1,0,0,0,1,0,0,0,1,0,3,0,3,4,4,0,8,9,10,10
1.05636279654446,0,1,1,0,0,1,3,3,0,3,2,1,2,0,0,0,1,1,1,1,1,1,1,4,4,0,0,0,5,11,12,13
-2.25434054545811,1,1,1,0,0,1,0,0,2,3,2,0,2,0,0,0,0,0,0,0,0,0,3,1,2,2,3,3,4,11,12,13
-0.102936926234348,0,1,0,1,0,1,1,1,2,2,0,1,1,1,0,0,1,0,0,0,1,1,0,2,0,0,0,1,4,7,7,9
0.10598231759187,1,1,0,1,1,1,1,1,3,3,0,0,1,2,0,0,0,0,0,1,1,1,4,3,4,0,3,2,0,10,11,12
0.41182661906463,1,1,0,0,1,0,3,1,4,2,3,1,0,1,0,0,0,0,1,1,1,1,4,2,0,0,0,4,0,4,-1,-1
-0.595639561876648,1,1,0,1,0,1,0,0,0,3,0,1,2,1,1,0,0,0,0,1,0,0,3,3,1,0,1,1,2,8,9,9
-1.83584033707196,1,1,0,1,0,1,0,0,0,3,2,0,1,0,1,0,0,0,0,1,0,0,4,4,4,1,2,1,0,4,-1,-1
1.05518706879282,0,1,0,1,0,1,3,1,4,2,0,0,1,3,0,0,0,0,0,1,1,1,3,1,2,2,0,4,0,17,17,17
-0.330296144947444,1,1,0,0,1,0,1,0,3,2,3,1,1,1,0,0,0,0,1,1,1,1,4,2,2,0,1,1,5,10,10,11
-0.174477105371208,1,1,0,1,1,0,0,0,0,3,0,1,0,1,0,0,0,0,0,1,1,0,4,1,2,0,1,2,2,7,9,10
0.746847117081742,0,1,0,1,0,1,0,1,0,0,0,0,1,1,0,0,1,0,0,1,0,0,3,0,0,0,0,3,0,10,10,11
-1.37995140097006,1,1,0,0,0,0,0,0,0,0,0,2,1,1,3,0,1,0,1,1,0,0,2,4,3,0,3,0,0,7,-1,-1
-0.272447385018941,0,1,0,0,0,1,1,1,3,2,1,1,1,2,0,0,0,0,0,1,1,1,3,1,0,0,0,3,5,13,13,14
2.34585002675485,0,1,1,0,0,1,3,2,3,2,1,1,1,1,1,0,1,1,1,0,1,1,3,4,4,0,2,1,4,9,10,10
-1.1764119680418,1,1,0,1,0,1,2,2,3,3,0,0,0,1,0,0,1,0,0,1,1,0,4,2,3,0,0,4,0,9,9,9
-0.26771801971278,0,1,0,0,0,1,3,3,4,3,2,0,1,1,0,0,1,1,1,1,1,1,3,2,2,0,1,4,2,11,11,11
0.569427603825175,1,1,0,1,1,0,2,1,3,2,3,1,1,1,0,0,0,0,0,1,1,0,0,1,2,0,1,4,0,14,13,14
-2.33856103302884,1,1,1,1,1,1,0,0,2,3,1,0,1,0,0,0,0,0,0,0,1,1,2,2,1,0,1,2,2,13,12,13
-1.31460691409443,1,1,0,1,1,1,0,0,0,3,0,0,1,2,0,0,0,0,0,1,1,1,4,2,1,0,0,3,0,18,16,17
-2.57796852372759,1,1,0,0,1,0,0,1,0,2,0,1,2,1,0,0,0,0,0,1,1,0,3,2,3,0,3,4,0,15,14,14
0.624012728885774,0,1,0,1,0,1,2,2,3,3,2,1,1,1,0,0,1,0,0,1,1,1,3,2,1,0,2,2,6,12,11,12
-2.0733623159983,1,1,0,1,1,1,3,3,0,0,0,1,0,1,0,0,1,0,1,1,1,1,1,2,3,0,0,0,4,14,13,14
-1.2306860350203,0,1,0,0,0,1,0,1,2,3,0,0,1,1,0,0,0,0,0,0,1,0,2,1,1,0,1,2,0,12,12,12
0.741781749419786,0,1,1,0,0,1,0,2,0,2,0,1,1,1,0,0,1,1,0,1,1,0,2,2,3,1,3,2,0,7,9,8
0.103084041034035,0,1,1,1,1,1,3,3,4,3,2,1,1,2,0,0,0,0,0,1,1,1,3,1,1,1,1,4,0,14,15,15
-0.852324535436152,1,1,0,0,0,1,0,0,2,3,3,1,2,0,1,0,1,0,0,1,1,1,4,1,0,0,1,0,0,7,7,8
0.235303770427444,0,1,0,1,0,1,1,2,0,3,0,0,1,0,0,0,1,0,0,1,1,1,4,1,2,0,1,3,0,9,9,9
-3.05384432048428,1,1,0,0,0,1,3,3,2,4,2,0,2,1,0,0,1,0,0,0,1,1,2,1,1,3,1,4,0,6,4,-1
0.0926265613742574,1,1,1,0,1,1,0,1,0,3,2,0,2,0,0,0,1,0,1,1,0,1,3,2,2,1,2,2,3,8,9,9
0.332718949512125,1,1,0,1,0,1,1,1,2,0,1,1,0,2,0,0,0,0,1,1,1,0,2,3,2,0,0,2,8,9,10,11
-1.01686870263157,1,1,0,0,0,1,0,1,2,2,0,1,0,0,0,0,0,0,1,1,1,1,2,4,4,0,2,0,4,6,7,8
-1.14231031784066,1,1,0,0,1,1,3,3,2,2,3,1,1,2,0,0,0,0,0,1,1,1,4,3,3,0,0,0,0,14,16,16
-2.2258537291975,1,1,0,0,0,1,0,0,2,2,1,1,3,2,0,0,0,0,0,1,1,1,3,2,1,0,1,3,4,9,10,11
0.803754346265193,1,1,0,0,0,1,0,0,0,2,0,2,1,1,1,0,1,0,0,1,1,1,3,2,2,0,0,2,4,6,7,8
-0.407744561181756,1,1,0,0,1,1,3,3,4,3,0,1,0,1,0,0,0,0,1,1,1,1,4,3,2,2,3,1,1,12,13,13
-1.19215302870268,1,1,0,1,0,1,2,2,2,2,1,1,0,1,0,0,0,0,0,1,1,1,3,0,2,0,1,0,1,15,15,15
-2.10191335738085,0,1,0,0,0,1,2,0,0,2,3,1,0,1,0,0,1,0,1,0,1,1,3,4,3,1,2,0,10,7,8,8
0.330536114390345,0,1,1,1,0,1,3,3,4,4,1,0,0,1,0,0,0,0,1,0,1,1,2,1,3,0,3,1,4,16,17,18
-1.42796244661081,1,1,1,0,0,1,1,0,2,2,2,1,1,0,0,0,0,0,1,0,1,1,3,3,2,0,2,4,0,6,6,-1
1.45851879047099,0,1,1,1,0,1,1,2,2,3,1,0,1,1,0,0,0,0,1,1,1,1,3,3,2,0,0,2,4,13,14,15
-1.59992987427766,1,1,1,0,0,1,0,0,2,3,2,1,1,0,1,0,0,0,0,1,1,0,3,2,1,0,2,4,0,4,7,-1
-2.13234488602436,1,1,1,0,0,1,3,1,2,2,1,0,1,0,1,0,0,1,0,1,1,0,4,3,2,3,2,2,0,6,6,-1
-1.17894783978797,1,1,0,0,0,1,1,1,0,2,2,1,1,2,0,0,0,0,0,1,1,0,4,2,2,0,2,3,0,13,16,14
0.543553007080055,0,1,0,1,0,1,3,2,4,2,2,1,1,1,0,0,0,0,0,1,1,1,4,4,3,0,0,0,0,5,8,10
-2.28323262163084,0,1,0,0,0,1,3,3,4,0,3,1,2,0,0,0,1,0,1,1,1,1,3,3,2,1,1,4,4,6,8,9
-0.594207631524448,1,1,0,0,0,1,1,2,3,2,0,1,0,2,1,0,0,0,1,0,1,1,4,3,1,0,1,4,4,9,10,9
-0.0987488165335944,1,1,0,1,1,1,2,0,4,3,0,1,0,1,0,0,1,0,0,1,1,1,3,2,3,0,0,0,4,14,14,15
-0.533972194171426,1,1,0,1,0,1,0,0,2,2,0,1,1,1,0,0,0,0,1,1,1,0,0,0,0,0,0,4,6,10,11,8
1.33737172347214,1,1,1,1,1,1,2,0,3,3,0,1,1,0,0,0,0,0,0,0,1,1,1,3,4,2,3,1,6,9,9,9
-0.867583341647799,1,1,1,0,1,1,2,1,3,2,0,1,2,0,0,0,0,0,0,0,1,1,3,3,0,2,3,4,4,9,10,10
