"filename","DGPid","trueATE"
"low1",17,0.106696525376334
"low10",59,-0.8
"low100",62,2
"low1000",17,0.106696525376334
"low1001",61,2
"low1002",63,-2
"low1003",35,0.122643947648726
"low1004",64,3.625
"low1005",19,0.120725663548369
"low1006",32,2.52739040759141
"low1007",32,2.52739040759141
"low1008",61,2
"low1009",35,0.122643947648726
"low101",20,0.156759654487529
"low1010",63,-2
"low1011",17,0.106696525376334
"low1012",36,0.0940840672965854
"low1013",59,-0.8
"low1014",36,0.0940840672965854
"low1015",57,0.5
"low1016",35,0.122643947648726
"low1017",34,0.0496296933010442
"low1018",57,0.5
"low1019",61,2
"low102",30,10
"low1020",18,0.147047058600875
"low1021",36,0.0940840672965854
"low1022",35,0.122643947648726
"low1023",64,3.625
"low1024",35,0.122643947648726
"low1025",17,0.106696525376334
"low1026",36,0.0940840672965854
"low1027",33,0.0995898753689496
"low1028",61,2
"low1029",19,0.120725663548369
"low103",20,0.156759654487529
"low1030",31,2
"low1031",63,-2
"low1032",32,2.52739040759141
"low1033",35,0.122643947648726
"low1034",17,0.106696525376334
"low1035",17,0.106696525376334
"low1036",36,0.0940840672965854
"low1037",58,1
"low1038",62,2
"low1039",57,0.5
"low104",61,2
"low1040",35,0.122643947648726
"low1041",57,0.5
"low1042",64,3.625
"low1043",30,10
"low1044",19,0.120725663548369
"low1045",35,0.122643947648726
"low1046",62,2
"low1047",63,-2
"low1048",61,2
"low1049",29,4
"low105",61,2
"low1050",58,1
"low1051",19,0.120725663548369
"low1052",30,10
"low1053",31,2
"low1054",61,2
"low1055",57,0.5
"low1056",36,0.0940840672965854
"low1057",32,2.52739040759141
"low1058",59,-0.8
"low1059",17,0.106696525376334
"low106",57,0.5
"low1060",30,10
"low1061",19,0.120725663548369
"low1062",63,-2
"low1063",32,2.52739040759141
"low1064",20,0.156759654487529
"low1065",59,-0.8
"low1066",60,1.6862483115362
"low1067",32,2.52739040759141
"low1068",33,0.0995898753689496
"low1069",63,-2
"low107",60,1.6862483115362
"low1070",34,0.0496296933010442
"low1071",30,10
"low1072",35,0.122643947648726
"low1073",20,0.156759654487529
"low1074",60,1.6862483115362
"low1075",58,1
"low1076",61,2
"low1077",36,0.0940840672965854
"low1078",30,10
"low1079",63,-2
"low108",58,1
"low1080",61,2
"low1081",19,0.120725663548369
"low1082",61,2
"low1083",33,0.0995898753689496
"low1084",64,3.625
"low1085",62,2
"low1086",61,2
"low1087",60,1.6862483115362
"low1088",64,3.625
"low1089",17,0.106696525376334
"low109",58,1
"low1090",62,2
"low1091",61,2
"low1092",34,0.0496296933010442
"low1093",33,0.0995898753689496
"low1094",62,2
"low1095",30,10
"low1096",30,10
"low1097",57,0.5
"low1098",61,2
"low1099",62,2
"low11",64,3.625
"low110",59,-0.8
"low1100",61,2
"low1101",18,0.147047058600875
"low1102",60,1.6862483115362
"low1103",33,0.0995898753689496
"low1104",19,0.120725663548369
"low1105",29,4
"low1106",59,-0.8
"low1107",63,-2
"low1108",18,0.147047058600875
"low1109",58,1
"low111",62,2
"low1110",30,10
"low1111",35,0.122643947648726
"low1112",61,2
"low1113",30,10
"low1114",31,2
"low1115",20,0.156759654487529
"low1116",63,-2
"low1117",29,4
"low1118",36,0.0940840672965854
"low1119",32,2.52739040759141
"low112",30,10
"low1120",35,0.122643947648726
"low1121",57,0.5
"low1122",62,2
"low1123",32,2.52739040759141
"low1124",33,0.0995898753689496
"low1125",19,0.120725663548369
"low1126",64,3.625
"low1127",29,4
"low1128",36,0.0940840672965854
"low1129",33,0.0995898753689496
"low113",30,10
"low1130",63,-2
"low1131",59,-0.8
"low1132",62,2
"low1133",60,1.6862483115362
"low1134",58,1
"low1135",57,0.5
"low1136",18,0.147047058600875
"low1137",19,0.120725663548369
"low1138",20,0.156759654487529
"low1139",31,2
"low114",57,0.5
"low1140",32,2.52739040759141
"low1141",30,10
"low1142",19,0.120725663548369
"low1143",29,4
"low1144",30,10
"low1145",60,1.6862483115362
"low1146",62,2
"low1147",29,4
"low1148",61,2
"low1149",35,0.122643947648726
"low115",59,-0.8
"low1150",34,0.0496296933010442
"low1151",58,1
"low1152",57,0.5
"low1153",57,0.5
"low1154",30,10
"low1155",31,2
"low1156",59,-0.8
"low1157",62,2
"low1158",62,2
"low1159",35,0.122643947648726
"low116",20,0.156759654487529
"low1160",62,2
"low1161",32,2.52739040759141
"low1162",61,2
"low1163",19,0.120725663548369
"low1164",61,2
"low1165",31,2
"low1166",59,-0.8
"low1167",64,3.625
"low1168",30,10
"low1169",30,10
"low117",59,-0.8
"low1170",31,2
"low1171",36,0.0940840672965854
"low1172",58,1
"low1173",58,1
"low1174",64,3.625
"low1175",32,2.52739040759141
"low1176",19,0.120725663548369
"low1177",62,2
"low1178",19,0.120725663548369
"low1179",32,2.52739040759141
"low118",18,0.147047058600875
"low1180",33,0.0995898753689496
"low1181",62,2
"low1182",31,2
"low1183",36,0.0940840672965854
"low1184",20,0.156759654487529
"low1185",63,-2
"low1186",36,0.0940840672965854
"low1187",64,3.625
"low1188",58,1
"low1189",31,2
"low119",18,0.147047058600875
"low1190",18,0.147047058600875
"low1191",34,0.0496296933010442
"low1192",17,0.106696525376334
"low1193",32,2.52739040759141
"low1194",36,0.0940840672965854
"low1195",31,2
"low1196",60,1.6862483115362
"low1197",63,-2
"low1198",35,0.122643947648726
"low1199",34,0.0496296933010442
"low12",63,-2
"low120",60,1.6862483115362
"low1200",32,2.52739040759141
"low1201",58,1
"low1202",29,4
"low1203",19,0.120725663548369
"low1204",63,-2
"low1205",19,0.120725663548369
"low1206",18,0.147047058600875
"low1207",35,0.122643947648726
"low1208",62,2
"low1209",29,4
"low121",36,0.0940840672965854
"low1210",61,2
"low1211",20,0.156759654487529
"low1212",18,0.147047058600875
"low1213",33,0.0995898753689496
"low1214",64,3.625
"low1215",34,0.0496296933010442
"low1216",57,0.5
"low1217",31,2
"low1218",60,1.6862483115362
"low1219",19,0.120725663548369
"low122",57,0.5
"low1220",29,4
"low1221",62,2
"low1222",19,0.120725663548369
"low1223",34,0.0496296933010442
"low1224",57,0.5
"low1225",62,2
"low1226",63,-2
"low1227",61,2
"low1228",29,4
"low1229",36,0.0940840672965854
"low123",18,0.147047058600875
"low1230",61,2
"low1231",35,0.122643947648726
"low1232",61,2
"low1233",57,0.5
"low1234",64,3.625
"low1235",64,3.625
"low1236",29,4
"low1237",33,0.0995898753689496
"low1238",19,0.120725663548369
"low1239",19,0.120725663548369
"low124",62,2
"low1240",31,2
"low1241",57,0.5
"low1242",31,2
"low1243",61,2
"low1244",34,0.0496296933010442
"low1245",20,0.156759654487529
"low1246",30,10
"low1247",60,1.6862483115362
"low1248",60,1.6862483115362
"low1249",19,0.120725663548369
"low125",29,4
"low1250",62,2
"low1251",32,2.52739040759141
"low1252",31,2
"low1253",33,0.0995898753689496
"low1254",63,-2
"low1255",34,0.0496296933010442
"low1256",18,0.147047058600875
"low1257",59,-0.8
"low1258",60,1.6862483115362
"low1259",60,1.6862483115362
"low126",31,2
"low1260",33,0.0995898753689496
"low1261",57,0.5
"low1262",59,-0.8
"low1263",30,10
"low1264",34,0.0496296933010442
"low1265",20,0.156759654487529
"low1266",60,1.6862483115362
"low1267",29,4
"low1268",30,10
"low1269",60,1.6862483115362
"low127",36,0.0940840672965854
"low1270",34,0.0496296933010442
"low1271",64,3.625
"low1272",63,-2
"low1273",29,4
"low1274",57,0.5
"low1275",29,4
"low1276",58,1
"low1277",29,4
"low1278",35,0.122643947648726
"low1279",61,2
"low128",57,0.5
"low1280",61,2
"low1281",35,0.122643947648726
"low1282",63,-2
"low1283",64,3.625
"low1284",19,0.120725663548369
"low1285",64,3.625
"low1286",19,0.120725663548369
"low1287",29,4
"low1288",30,10
"low1289",33,0.0995898753689496
"low129",33,0.0995898753689496
"low1290",31,2
"low1291",33,0.0995898753689496
"low1292",58,1
"low1293",33,0.0995898753689496
"low1294",63,-2
"low1295",59,-0.8
"low1296",58,1
"low1297",31,2
"low1298",20,0.156759654487529
"low1299",33,0.0995898753689496
"low13",20,0.156759654487529
"low130",64,3.625
"low1300",19,0.120725663548369
"low1301",32,2.52739040759141
"low1302",34,0.0496296933010442
"low1303",64,3.625
"low1304",60,1.6862483115362
"low1305",58,1
"low1306",57,0.5
"low1307",58,1
"low1308",62,2
"low1309",59,-0.8
"low131",63,-2
"low1310",29,4
"low1311",29,4
"low1312",31,2
"low1313",31,2
"low1314",33,0.0995898753689496
"low1315",57,0.5
"low1316",32,2.52739040759141
"low1317",64,3.625
"low1318",19,0.120725663548369
"low1319",30,10
"low132",62,2
"low1320",31,2
"low1321",29,4
"low1322",63,-2
"low1323",31,2
"low1324",61,2
"low1325",62,2
"low1326",33,0.0995898753689496
"low1327",17,0.106696525376334
"low1328",61,2
"low1329",60,1.6862483115362
"low133",59,-0.8
"low1330",60,1.6862483115362
"low1331",62,2
"low1332",19,0.120725663548369
"low1333",60,1.6862483115362
"low1334",18,0.147047058600875
"low1335",34,0.0496296933010442
"low1336",34,0.0496296933010442
"low1337",62,2
"low1338",62,2
"low1339",31,2
"low134",63,-2
"low1340",61,2
"low1341",60,1.6862483115362
"low1342",61,2
"low1343",30,10
"low1344",58,1
"low1345",17,0.106696525376334
"low1346",61,2
"low1347",20,0.156759654487529
"low1348",59,-0.8
"low1349",57,0.5
"low135",60,1.6862483115362
"low1350",18,0.147047058600875
"low1351",20,0.156759654487529
"low1352",57,0.5
"low1353",19,0.120725663548369
"low1354",31,2
"low1355",64,3.625
"low1356",34,0.0496296933010442
"low1357",35,0.122643947648726
"low1358",30,10
"low1359",34,0.0496296933010442
"low136",30,10
"low1360",64,3.625
"low1361",62,2
"low1362",33,0.0995898753689496
"low1363",62,2
"low1364",20,0.156759654487529
"low1365",17,0.106696525376334
"low1366",18,0.147047058600875
"low1367",62,2
"low1368",31,2
"low1369",35,0.122643947648726
"low137",18,0.147047058600875
"low1370",60,1.6862483115362
"low1371",30,10
"low1372",20,0.156759654487529
"low1373",32,2.52739040759141
"low1374",17,0.106696525376334
"low1375",61,2
"low1376",36,0.0940840672965854
"low1377",61,2
"low1378",63,-2
"low1379",20,0.156759654487529
"low138",33,0.0995898753689496
"low1380",57,0.5
"low1381",33,0.0995898753689496
"low1382",58,1
"low1383",29,4
"low1384",63,-2
"low1385",31,2
"low1386",19,0.120725663548369
"low1387",31,2
"low1388",33,0.0995898753689496
"low1389",58,1
"low139",17,0.106696525376334
"low1390",36,0.0940840672965854
"low1391",60,1.6862483115362
"low1392",33,0.0995898753689496
"low1393",19,0.120725663548369
"low1394",34,0.0496296933010442
"low1395",57,0.5
"low1396",36,0.0940840672965854
"low1397",60,1.6862483115362
"low1398",34,0.0496296933010442
"low1399",18,0.147047058600875
"low14",30,10
"low140",31,2
"low1400",18,0.147047058600875
"low1401",17,0.106696525376334
"low1402",18,0.147047058600875
"low1403",33,0.0995898753689496
"low1404",34,0.0496296933010442
"low1405",31,2
"low1406",64,3.625
"low1407",32,2.52739040759141
"low1408",58,1
"low1409",29,4
"low141",19,0.120725663548369
"low1410",30,10
"low1411",60,1.6862483115362
"low1412",20,0.156759654487529
"low1413",17,0.106696525376334
"low1414",17,0.106696525376334
"low1415",29,4
"low1416",62,2
"low1417",60,1.6862483115362
"low1418",36,0.0940840672965854
"low1419",57,0.5
"low142",64,3.625
"low1420",18,0.147047058600875
"low1421",32,2.52739040759141
"low1422",17,0.106696525376334
"low1423",32,2.52739040759141
"low1424",36,0.0940840672965854
"low1425",35,0.122643947648726
"low1426",60,1.6862483115362
"low1427",32,2.52739040759141
"low1428",19,0.120725663548369
"low1429",18,0.147047058600875
"low143",30,10
"low1430",32,2.52739040759141
"low1431",29,4
"low1432",30,10
"low1433",62,2
"low1434",58,1
"low1435",33,0.0995898753689496
"low1436",31,2
"low1437",34,0.0496296933010442
"low1438",36,0.0940840672965854
"low1439",32,2.52739040759141
"low144",62,2
"low1440",63,-2
"low1441",34,0.0496296933010442
"low1442",30,10
"low1443",64,3.625
"low1444",19,0.120725663548369
"low1445",57,0.5
"low1446",64,3.625
"low1447",62,2
"low1448",31,2
"low1449",61,2
"low145",29,4
"low1450",57,0.5
"low1451",58,1
"low1452",61,2
"low1453",59,-0.8
"low1454",63,-2
"low1455",36,0.0940840672965854
"low1456",60,1.6862483115362
"low1457",63,-2
"low1458",19,0.120725663548369
"low1459",32,2.52739040759141
"low146",29,4
"low1460",36,0.0940840672965854
"low1461",29,4
"low1462",64,3.625
"low1463",36,0.0940840672965854
"low1464",33,0.0995898753689496
"low1465",29,4
"low1466",18,0.147047058600875
"low1467",31,2
"low1468",19,0.120725663548369
"low1469",36,0.0940840672965854
"low147",61,2
"low1470",19,0.120725663548369
"low1471",17,0.106696525376334
"low1472",34,0.0496296933010442
"low1473",62,2
"low1474",33,0.0995898753689496
"low1475",18,0.147047058600875
"low1476",62,2
"low1477",59,-0.8
"low1478",34,0.0496296933010442
"low1479",31,2
"low148",32,2.52739040759141
"low1480",19,0.120725663548369
"low1481",18,0.147047058600875
"low1482",64,3.625
"low1483",18,0.147047058600875
"low1484",58,1
"low1485",57,0.5
"low1486",30,10
"low1487",64,3.625
"low1488",20,0.156759654487529
"low1489",20,0.156759654487529
"low149",18,0.147047058600875
"low1490",59,-0.8
"low1491",63,-2
"low1492",64,3.625
"low1493",34,0.0496296933010442
"low1494",57,0.5
"low1495",62,2
"low1496",20,0.156759654487529
"low1497",18,0.147047058600875
"low1498",59,-0.8
"low1499",19,0.120725663548369
"low15",58,1
"low150",58,1
"low1500",64,3.625
"low1501",58,1
"low1502",59,-0.8
"low1503",19,0.120725663548369
"low1504",63,-2
"low1505",33,0.0995898753689496
"low1506",20,0.156759654487529
"low1507",32,2.52739040759141
"low1508",35,0.122643947648726
"low1509",31,2
"low151",36,0.0940840672965854
"low1510",30,10
"low1511",36,0.0940840672965854
"low1512",62,2
"low1513",31,2
"low1514",18,0.147047058600875
"low1515",58,1
"low1516",30,10
"low1517",63,-2
"low1518",36,0.0940840672965854
"low1519",30,10
"low152",20,0.156759654487529
"low1520",32,2.52739040759141
"low1521",35,0.122643947648726
"low1522",18,0.147047058600875
"low1523",57,0.5
"low1524",64,3.625
"low1525",62,2
"low1526",63,-2
"low1527",60,1.6862483115362
"low1528",32,2.52739040759141
"low1529",35,0.122643947648726
"low153",35,0.122643947648726
"low1530",34,0.0496296933010442
"low1531",29,4
"low1532",61,2
"low1533",29,4
"low1534",30,10
"low1535",63,-2
"low1536",58,1
"low1537",36,0.0940840672965854
"low1538",31,2
"low1539",59,-0.8
"low154",62,2
"low1540",30,10
"low1541",63,-2
"low1542",59,-0.8
"low1543",59,-0.8
"low1544",59,-0.8
"low1545",17,0.106696525376334
"low1546",36,0.0940840672965854
"low1547",60,1.6862483115362
"low1548",19,0.120725663548369
"low1549",61,2
"low155",20,0.156759654487529
"low1550",17,0.106696525376334
"low1551",31,2
"low1552",59,-0.8
"low1553",57,0.5
"low1554",35,0.122643947648726
"low1555",63,-2
"low1556",61,2
"low1557",18,0.147047058600875
"low1558",31,2
"low1559",62,2
"low156",19,0.120725663548369
"low1560",60,1.6862483115362
"low1561",58,1
"low1562",36,0.0940840672965854
"low1563",33,0.0995898753689496
"low1564",60,1.6862483115362
"low1565",32,2.52739040759141
"low1566",20,0.156759654487529
"low1567",30,10
"low1568",36,0.0940840672965854
"low1569",17,0.106696525376334
"low157",30,10
"low1570",35,0.122643947648726
"low1571",18,0.147047058600875
"low1572",59,-0.8
"low1573",58,1
"low1574",32,2.52739040759141
"low1575",18,0.147047058600875
"low1576",17,0.106696525376334
"low1577",35,0.122643947648726
"low1578",18,0.147047058600875
"low1579",63,-2
"low158",18,0.147047058600875
"low1580",35,0.122643947648726
"low1581",32,2.52739040759141
"low1582",20,0.156759654487529
"low1583",29,4
"low1584",59,-0.8
"low1585",35,0.122643947648726
"low1586",58,1
"low1587",57,0.5
"low1588",29,4
"low1589",35,0.122643947648726
"low159",18,0.147047058600875
"low1590",29,4
"low1591",34,0.0496296933010442
"low1592",36,0.0940840672965854
"low1593",18,0.147047058600875
"low1594",30,10
"low1595",20,0.156759654487529
"low1596",36,0.0940840672965854
"low1597",32,2.52739040759141
"low1598",19,0.120725663548369
"low1599",18,0.147047058600875
"low16",20,0.156759654487529
"low160",30,10
"low1600",60,1.6862483115362
"low1601",19,0.120725663548369
"low1602",33,0.0995898753689496
"low1603",35,0.122643947648726
"low1604",36,0.0940840672965854
"low1605",17,0.106696525376334
"low1606",17,0.106696525376334
"low1607",17,0.106696525376334
"low1608",34,0.0496296933010442
"low1609",59,-0.8
"low161",29,4
"low1610",34,0.0496296933010442
"low1611",57,0.5
"low1612",31,2
"low1613",32,2.52739040759141
"low1614",29,4
"low1615",59,-0.8
"low1616",19,0.120725663548369
"low1617",34,0.0496296933010442
"low1618",62,2
"low1619",59,-0.8
"low162",35,0.122643947648726
"low1620",33,0.0995898753689496
"low1621",63,-2
"low1622",60,1.6862483115362
"low1623",35,0.122643947648726
"low1624",61,2
"low1625",17,0.106696525376334
"low1626",64,3.625
"low1627",62,2
"low1628",31,2
"low1629",33,0.0995898753689496
"low163",33,0.0995898753689496
"low1630",59,-0.8
"low1631",63,-2
"low1632",62,2
"low1633",58,1
"low1634",17,0.106696525376334
"low1635",58,1
"low1636",20,0.156759654487529
"low1637",57,0.5
"low1638",29,4
"low1639",59,-0.8
"low164",34,0.0496296933010442
"low1640",58,1
"low1641",59,-0.8
"low1642",36,0.0940840672965854
"low1643",29,4
"low1644",29,4
"low1645",19,0.120725663548369
"low1646",61,2
"low1647",18,0.147047058600875
"low1648",64,3.625
"low1649",60,1.6862483115362
"low165",34,0.0496296933010442
"low1650",63,-2
"low1651",64,3.625
"low1652",20,0.156759654487529
"low1653",60,1.6862483115362
"low1654",61,2
"low1655",36,0.0940840672965854
"low1656",30,10
"low1657",58,1
"low1658",33,0.0995898753689496
"low1659",32,2.52739040759141
"low166",34,0.0496296933010442
"low1660",17,0.106696525376334
"low1661",19,0.120725663548369
"low1662",60,1.6862483115362
"low1663",57,0.5
"low1664",19,0.120725663548369
"low1665",59,-0.8
"low1666",60,1.6862483115362
"low1667",35,0.122643947648726
"low1668",58,1
"low1669",33,0.0995898753689496
"low167",63,-2
"low1670",34,0.0496296933010442
"low1671",62,2
"low1672",62,2
"low1673",60,1.6862483115362
"low1674",34,0.0496296933010442
"low1675",36,0.0940840672965854
"low1676",61,2
"low1677",63,-2
"low1678",62,2
"low1679",64,3.625
"low168",18,0.147047058600875
"low1680",64,3.625
"low1681",17,0.106696525376334
"low1682",35,0.122643947648726
"low1683",19,0.120725663548369
"low1684",58,1
"low1685",60,1.6862483115362
"low1686",63,-2
"low1687",60,1.6862483115362
"low1688",59,-0.8
"low1689",59,-0.8
"low169",57,0.5
"low1690",33,0.0995898753689496
"low1691",60,1.6862483115362
"low1692",57,0.5
"low1693",30,10
"low1694",60,1.6862483115362
"low1695",64,3.625
"low1696",33,0.0995898753689496
"low1697",57,0.5
"low1698",17,0.106696525376334
"low1699",30,10
"low17",29,4
"low170",17,0.106696525376334
"low1700",34,0.0496296933010442
"low1701",62,2
"low1702",29,4
"low1703",34,0.0496296933010442
"low1704",57,0.5
"low1705",58,1
"low1706",62,2
"low1707",17,0.106696525376334
"low1708",63,-2
"low1709",64,3.625
"low171",19,0.120725663548369
"low1710",34,0.0496296933010442
"low1711",61,2
"low1712",30,10
"low1713",36,0.0940840672965854
"low1714",62,2
"low1715",29,4
"low1716",32,2.52739040759141
"low1717",18,0.147047058600875
"low1718",58,1
"low1719",31,2
"low172",62,2
"low1720",58,1
"low1721",63,-2
"low1722",57,0.5
"low1723",34,0.0496296933010442
"low1724",57,0.5
"low1725",31,2
"low1726",61,2
"low1727",31,2
"low1728",59,-0.8
"low1729",29,4
"low173",33,0.0995898753689496
"low1730",18,0.147047058600875
"low1731",62,2
"low1732",33,0.0995898753689496
"low1733",34,0.0496296933010442
"low1734",32,2.52739040759141
"low1735",59,-0.8
"low1736",33,0.0995898753689496
"low1737",61,2
"low1738",61,2
"low1739",57,0.5
"low174",64,3.625
"low1740",62,2
"low1741",36,0.0940840672965854
"low1742",19,0.120725663548369
"low1743",30,10
"low1744",60,1.6862483115362
"low1745",19,0.120725663548369
"low1746",58,1
"low1747",64,3.625
"low1748",30,10
"low1749",32,2.52739040759141
"low175",36,0.0940840672965854
"low1750",19,0.120725663548369
"low1751",57,0.5
"low1752",62,2
"low1753",35,0.122643947648726
"low1754",61,2
"low1755",30,10
"low1756",36,0.0940840672965854
"low1757",17,0.106696525376334
"low1758",35,0.122643947648726
"low1759",57,0.5
"low176",31,2
"low1760",33,0.0995898753689496
"low1761",19,0.120725663548369
"low1762",34,0.0496296933010442
"low1763",61,2
"low1764",20,0.156759654487529
"low1765",18,0.147047058600875
"low1766",58,1
"low1767",59,-0.8
"low1768",33,0.0995898753689496
"low1769",36,0.0940840672965854
"low177",63,-2
"low1770",29,4
"low1771",61,2
"low1772",57,0.5
"low1773",20,0.156759654487529
"low1774",62,2
"low1775",29,4
"low1776",35,0.122643947648726
"low1777",30,10
"low1778",30,10
"low1779",20,0.156759654487529
"low178",59,-0.8
"low1780",36,0.0940840672965854
"low1781",17,0.106696525376334
"low1782",58,1
"low1783",60,1.6862483115362
"low1784",32,2.52739040759141
"low1785",64,3.625
"low1786",61,2
"low1787",30,10
"low1788",29,4
"low1789",36,0.0940840672965854
"low179",17,0.106696525376334
"low1790",59,-0.8
"low1791",33,0.0995898753689496
"low1792",64,3.625
"low1793",18,0.147047058600875
"low1794",30,10
"low1795",58,1
"low1796",20,0.156759654487529
"low1797",30,10
"low1798",63,-2
"low1799",17,0.106696525376334
"low18",33,0.0995898753689496
"low180",61,2
"low1800",63,-2
"low1801",62,2
"low1802",32,2.52739040759141
"low1803",18,0.147047058600875
"low1804",20,0.156759654487529
"low1805",17,0.106696525376334
"low1806",19,0.120725663548369
"low1807",33,0.0995898753689496
"low1808",59,-0.8
"low1809",33,0.0995898753689496
"low181",33,0.0995898753689496
"low1810",29,4
"low1811",62,2
"low1812",32,2.52739040759141
"low1813",18,0.147047058600875
"low1814",17,0.106696525376334
"low1815",35,0.122643947648726
"low1816",36,0.0940840672965854
"low1817",32,2.52739040759141
"low1818",60,1.6862483115362
"low1819",18,0.147047058600875
"low182",59,-0.8
"low1820",62,2
"low1821",18,0.147047058600875
"low1822",30,10
"low1823",35,0.122643947648726
"low1824",18,0.147047058600875
"low1825",33,0.0995898753689496
"low1826",64,3.625
"low1827",64,3.625
"low1828",59,-0.8
"low1829",32,2.52739040759141
"low183",19,0.120725663548369
"low1830",20,0.156759654487529
"low1831",29,4
"low1832",29,4
"low1833",36,0.0940840672965854
"low1834",31,2
"low1835",34,0.0496296933010442
"low1836",17,0.106696525376334
"low1837",18,0.147047058600875
"low1838",18,0.147047058600875
"low1839",57,0.5
"low184",30,10
"low1840",60,1.6862483115362
"low1841",19,0.120725663548369
"low1842",57,0.5
"low1843",60,1.6862483115362
"low1844",17,0.106696525376334
"low1845",36,0.0940840672965854
"low1846",60,1.6862483115362
"low1847",58,1
"low1848",60,1.6862483115362
"low1849",18,0.147047058600875
"low185",31,2
"low1850",31,2
"low1851",30,10
"low1852",57,0.5
"low1853",60,1.6862483115362
"low1854",57,0.5
"low1855",29,4
"low1856",35,0.122643947648726
"low1857",63,-2
"low1858",30,10
"low1859",29,4
"low186",62,2
"low1860",63,-2
"low1861",33,0.0995898753689496
"low1862",17,0.106696525376334
"low1863",32,2.52739040759141
"low1864",33,0.0995898753689496
"low1865",19,0.120725663548369
"low1866",17,0.106696525376334
"low1867",30,10
"low1868",57,0.5
"low1869",20,0.156759654487529
"low187",58,1
"low1870",20,0.156759654487529
"low1871",64,3.625
"low1872",35,0.122643947648726
"low1873",64,3.625
"low1874",31,2
"low1875",17,0.106696525376334
"low1876",57,0.5
"low1877",20,0.156759654487529
"low1878",20,0.156759654487529
"low1879",19,0.120725663548369
"low188",31,2
"low1880",19,0.120725663548369
"low1881",35,0.122643947648726
"low1882",57,0.5
"low1883",33,0.0995898753689496
"low1884",18,0.147047058600875
"low1885",60,1.6862483115362
"low1886",33,0.0995898753689496
"low1887",20,0.156759654487529
"low1888",35,0.122643947648726
"low1889",30,10
"low189",60,1.6862483115362
"low1890",59,-0.8
"low1891",63,-2
"low1892",36,0.0940840672965854
"low1893",35,0.122643947648726
"low1894",31,2
"low1895",60,1.6862483115362
"low1896",31,2
"low1897",30,10
"low1898",61,2
"low1899",19,0.120725663548369
"low19",36,0.0940840672965854
"low190",18,0.147047058600875
"low1900",19,0.120725663548369
"low1901",32,2.52739040759141
"low1902",35,0.122643947648726
"low1903",36,0.0940840672965854
"low1904",19,0.120725663548369
"low1905",32,2.52739040759141
"low1906",62,2
"low1907",36,0.0940840672965854
"low1908",36,0.0940840672965854
"low1909",63,-2
"low191",31,2
"low1910",33,0.0995898753689496
"low1911",20,0.156759654487529
"low1912",33,0.0995898753689496
"low1913",19,0.120725663548369
"low1914",57,0.5
"low1915",61,2
"low1916",62,2
"low1917",31,2
"low1918",20,0.156759654487529
"low1919",29,4
"low192",60,1.6862483115362
"low1920",32,2.52739040759141
"low1921",31,2
"low1922",29,4
"low1923",31,2
"low1924",32,2.52739040759141
"low1925",33,0.0995898753689496
"low1926",35,0.122643947648726
"low1927",64,3.625
"low1928",36,0.0940840672965854
"low1929",29,4
"low193",30,10
"low1930",19,0.120725663548369
"low1931",33,0.0995898753689496
"low1932",35,0.122643947648726
"low1933",64,3.625
"low1934",58,1
"low1935",29,4
"low1936",59,-0.8
"low1937",62,2
"low1938",35,0.122643947648726
"low1939",17,0.106696525376334
"low194",61,2
"low1940",33,0.0995898753689496
"low1941",64,3.625
"low1942",35,0.122643947648726
"low1943",64,3.625
"low1944",19,0.120725663548369
"low1945",36,0.0940840672965854
"low1946",64,3.625
"low1947",60,1.6862483115362
"low1948",19,0.120725663548369
"low1949",18,0.147047058600875
"low195",62,2
"low1950",30,10
"low1951",35,0.122643947648726
"low1952",33,0.0995898753689496
"low1953",64,3.625
"low1954",17,0.106696525376334
"low1955",59,-0.8
"low1956",32,2.52739040759141
"low1957",19,0.120725663548369
"low1958",35,0.122643947648726
"low1959",34,0.0496296933010442
"low196",60,1.6862483115362
"low1960",29,4
"low1961",63,-2
"low1962",60,1.6862483115362
"low1963",19,0.120725663548369
"low1964",61,2
"low1965",18,0.147047058600875
"low1966",63,-2
"low1967",60,1.6862483115362
"low1968",64,3.625
"low1969",59,-0.8
"low197",33,0.0995898753689496
"low1970",33,0.0995898753689496
"low1971",18,0.147047058600875
"low1972",32,2.52739040759141
"low1973",19,0.120725663548369
"low1974",30,10
"low1975",31,2
"low1976",17,0.106696525376334
"low1977",34,0.0496296933010442
"low1978",33,0.0995898753689496
"low1979",33,0.0995898753689496
"low198",59,-0.8
"low1980",32,2.52739040759141
"low1981",58,1
"low1982",35,0.122643947648726
"low1983",59,-0.8
"low1984",36,0.0940840672965854
"low1985",19,0.120725663548369
"low1986",32,2.52739040759141
"low1987",29,4
"low1988",35,0.122643947648726
"low1989",58,1
"low199",36,0.0940840672965854
"low1990",60,1.6862483115362
"low1991",63,-2
"low1992",35,0.122643947648726
"low1993",20,0.156759654487529
"low1994",62,2
"low1995",18,0.147047058600875
"low1996",57,0.5
"low1997",36,0.0940840672965854
"low1998",17,0.106696525376334
"low1999",19,0.120725663548369
"low2",62,2
"low20",20,0.156759654487529
"low200",18,0.147047058600875
"low2000",20,0.156759654487529
"low2001",23,0.195290625734048
"low2002",40,6.96198490740555
"low2003",21,0.174969387969941
"low2004",22,0.1585275019832
"low2005",43,0.195466539541223
"low2006",44,0.08229957
"low2007",39,6.27029602260378
"low2008",21,0.174969387969941
"low2009",41,0.106286795757474
"low201",62,2
"low2010",38,2.5
"low2011",23,0.195290625734048
"low2012",44,0.08229957
"low2013",38,2.5
"low2014",39,6.27029602260378
"low2015",38,2.5
"low2016",39,6.27029602260378
"low2017",39,6.27029602260378
"low2018",43,0.195466539541223
"low2019",38,2.5
"low202",18,0.147047058600875
"low2020",23,0.195290625734048
"low2021",38,2.5
"low2022",40,6.96198490740555
"low2023",24,0.200014840066845
"low2024",40,6.96198490740555
"low2025",22,0.1585275019832
"low2026",21,0.174969387969941
"low2027",44,0.08229957
"low2028",22,0.1585275019832
"low2029",44,0.08229957
"low203",57,0.5
"low2030",23,0.195290625734048
"low2031",24,0.200014840066845
"low2032",23,0.195290625734048
"low2033",44,0.08229957
"low2034",41,0.106286795757474
"low2035",23,0.195290625734048
"low2036",21,0.174969387969941
"low2037",38,2.5
"low2038",39,6.27029602260378
"low2039",21,0.174969387969941
"low204",63,-2
"low2040",23,0.195290625734048
"low2041",37,4
"low2042",24,0.200014840066845
"low2043",24,0.200014840066845
"low2044",37,4
"low2045",21,0.174969387969941
"low2046",43,0.195466539541223
"low2047",24,0.200014840066845
"low2048",38,2.5
"low2049",43,0.195466539541223
"low205",61,2
"low2050",40,6.96198490740555
"low2051",42,0.185291711866986
"low2052",22,0.1585275019832
"low2053",43,0.195466539541223
"low2054",39,6.27029602260378
"low2055",21,0.174969387969941
"low2056",44,0.08229957
"low2057",21,0.174969387969941
"low2058",43,0.195466539541223
"low2059",23,0.195290625734048
"low206",62,2
"low2060",23,0.195290625734048
"low2061",24,0.200014840066845
"low2062",23,0.195290625734048
"low2063",23,0.195290625734048
"low2064",23,0.195290625734048
"low2065",40,6.96198490740555
"low2066",44,0.08229957
"low2067",22,0.1585275019832
"low2068",22,0.1585275019832
"low2069",21,0.174969387969941
"low207",61,2
"low2070",23,0.195290625734048
"low2071",37,4
"low2072",24,0.200014840066845
"low2073",40,6.96198490740555
"low2074",39,6.27029602260378
"low2075",37,4
"low2076",21,0.174969387969941
"low2077",42,0.185291711866986
"low2078",38,2.5
"low2079",43,0.195466539541223
"low208",33,0.0995898753689496
"low2080",40,6.96198490740555
"low2081",38,2.5
"low2082",21,0.174969387969941
"low2083",40,6.96198490740555
"low2084",40,6.96198490740555
"low2085",21,0.174969387969941
"low2086",40,6.96198490740555
"low2087",38,2.5
"low2088",41,0.106286795757474
"low2089",40,6.96198490740555
"low209",20,0.156759654487529
"low2090",38,2.5
"low2091",21,0.174969387969941
"low2092",42,0.185291711866986
"low2093",42,0.185291711866986
"low2094",24,0.200014840066845
"low2095",42,0.185291711866986
"low2096",42,0.185291711866986
"low2097",44,0.08229957
"low2098",37,4
"low2099",37,4
"low21",20,0.156759654487529
"low210",33,0.0995898753689496
"low2100",22,0.1585275019832
"low2101",39,6.27029602260378
"low2102",24,0.200014840066845
"low2103",43,0.195466539541223
"low2104",22,0.1585275019832
"low2105",39,6.27029602260378
"low2106",41,0.106286795757474
"low2107",39,6.27029602260378
"low2108",37,4
"low2109",40,6.96198490740555
"low211",17,0.106696525376334
"low2110",21,0.174969387969941
"low2111",23,0.195290625734048
"low2112",37,4
"low2113",24,0.200014840066845
"low2114",41,0.106286795757474
"low2115",42,0.185291711866986
"low2116",39,6.27029602260378
"low2117",37,4
"low2118",40,6.96198490740555
"low2119",37,4
"low212",31,2
"low2120",41,0.106286795757474
"low2121",41,0.106286795757474
"low2122",42,0.185291711866986
"low2123",21,0.174969387969941
"low2124",44,0.08229957
"low2125",23,0.195290625734048
"low2126",44,0.08229957
"low2127",23,0.195290625734048
"low2128",23,0.195290625734048
"low2129",39,6.27029602260378
"low213",36,0.0940840672965854
"low2130",21,0.174969387969941
"low2131",43,0.195466539541223
"low2132",41,0.106286795757474
"low2133",38,2.5
"low2134",44,0.08229957
"low2135",24,0.200014840066845
"low2136",43,0.195466539541223
"low2137",41,0.106286795757474
"low2138",40,6.96198490740555
"low2139",22,0.1585275019832
"low214",20,0.156759654487529
"low2140",41,0.106286795757474
"low2141",37,4
"low2142",39,6.27029602260378
"low2143",42,0.185291711866986
"low2144",23,0.195290625734048
"low2145",21,0.174969387969941
"low2146",41,0.106286795757474
"low2147",38,2.5
"low2148",41,0.106286795757474
"low2149",37,4
"low215",17,0.106696525376334
"low2150",41,0.106286795757474
"low2151",23,0.195290625734048
"low2152",22,0.1585275019832
"low2153",40,6.96198490740555
"low2154",41,0.106286795757474
"low2155",21,0.174969387969941
"low2156",24,0.200014840066845
"low2157",42,0.185291711866986
"low2158",39,6.27029602260378
"low2159",38,2.5
"low216",19,0.120725663548369
"low2160",37,4
"low2161",39,6.27029602260378
"low2162",22,0.1585275019832
"low2163",38,2.5
"low2164",21,0.174969387969941
"low2165",37,4
"low2166",24,0.200014840066845
"low2167",23,0.195290625734048
"low2168",42,0.185291711866986
"low2169",22,0.1585275019832
"low217",20,0.156759654487529
"low2170",41,0.106286795757474
"low2171",23,0.195290625734048
"low2172",39,6.27029602260378
"low2173",44,0.08229957
"low2174",41,0.106286795757474
"low2175",43,0.195466539541223
"low2176",24,0.200014840066845
"low2177",37,4
"low2178",44,0.08229957
"low2179",24,0.200014840066845
"low218",18,0.147047058600875
"low2180",41,0.106286795757474
"low2181",42,0.185291711866986
"low2182",39,6.27029602260378
"low2183",39,6.27029602260378
"low2184",40,6.96198490740555
"low2185",38,2.5
"low2186",43,0.195466539541223
"low2187",37,4
"low2188",37,4
"low2189",41,0.106286795757474
"low219",36,0.0940840672965854
"low2190",40,6.96198490740555
"low2191",42,0.185291711866986
"low2192",44,0.08229957
"low2193",37,4
"low2194",38,2.5
"low2195",39,6.27029602260378
"low2196",41,0.106286795757474
"low2197",22,0.1585275019832
"low2198",39,6.27029602260378
"low2199",40,6.96198490740555
"low22",36,0.0940840672965854
"low220",59,-0.8
"low2200",41,0.106286795757474
"low2201",23,0.195290625734048
"low2202",43,0.195466539541223
"low2203",23,0.195290625734048
"low2204",21,0.174969387969941
"low2205",37,4
"low2206",22,0.1585275019832
"low2207",22,0.1585275019832
"low2208",42,0.185291711866986
"low2209",40,6.96198490740555
"low221",35,0.122643947648726
"low2210",41,0.106286795757474
"low2211",23,0.195290625734048
"low2212",39,6.27029602260378
"low2213",37,4
"low2214",44,0.08229957
"low2215",24,0.200014840066845
"low2216",43,0.195466539541223
"low2217",43,0.195466539541223
"low2218",21,0.174969387969941
"low2219",37,4
"low222",36,0.0940840672965854
"low2220",40,6.96198490740555
"low2221",38,2.5
"low2222",38,2.5
"low2223",39,6.27029602260378
"low2224",22,0.1585275019832
"low2225",44,0.08229957
"low2226",37,4
"low2227",44,0.08229957
"low2228",39,6.27029602260378
"low2229",21,0.174969387969941
"low223",18,0.147047058600875
"low2230",37,4
"low2231",24,0.200014840066845
"low2232",21,0.174969387969941
"low2233",37,4
"low2234",38,2.5
"low2235",23,0.195290625734048
"low2236",41,0.106286795757474
"low2237",37,4
"low2238",39,6.27029602260378
"low2239",43,0.195466539541223
"low224",29,4
"low2240",24,0.200014840066845
"low2241",38,2.5
"low2242",44,0.08229957
"low2243",43,0.195466539541223
"low2244",42,0.185291711866986
"low2245",41,0.106286795757474
"low2246",41,0.106286795757474
"low2247",24,0.200014840066845
"low2248",41,0.106286795757474
"low2249",22,0.1585275019832
"low225",57,0.5
"low2250",39,6.27029602260378
"low2251",40,6.96198490740555
"low2252",42,0.185291711866986
"low2253",39,6.27029602260378
"low2254",24,0.200014840066845
"low2255",39,6.27029602260378
"low2256",39,6.27029602260378
"low2257",38,2.5
"low2258",44,0.08229957
"low2259",40,6.96198490740555
"low226",29,4
"low2260",23,0.195290625734048
"low2261",22,0.1585275019832
"low2262",42,0.185291711866986
"low2263",43,0.195466539541223
"low2264",43,0.195466539541223
"low2265",41,0.106286795757474
"low2266",43,0.195466539541223
"low2267",24,0.200014840066845
"low2268",41,0.106286795757474
"low2269",23,0.195290625734048
"low227",64,3.625
"low2270",22,0.1585275019832
"low2271",40,6.96198490740555
"low2272",42,0.185291711866986
"low2273",44,0.08229957
"low2274",39,6.27029602260378
"low2275",37,4
"low2276",40,6.96198490740555
"low2277",22,0.1585275019832
"low2278",43,0.195466539541223
"low2279",39,6.27029602260378
"low228",20,0.156759654487529
"low2280",42,0.185291711866986
"low2281",41,0.106286795757474
"low2282",23,0.195290625734048
"low2283",43,0.195466539541223
"low2284",40,6.96198490740555
"low2285",40,6.96198490740555
"low2286",37,4
"low2287",23,0.195290625734048
"low2288",24,0.200014840066845
"low2289",40,6.96198490740555
"low229",63,-2
"low2290",42,0.185291711866986
"low2291",39,6.27029602260378
"low2292",37,4
"low2293",24,0.200014840066845
"low2294",40,6.96198490740555
"low2295",44,0.08229957
"low2296",44,0.08229957
"low2297",38,2.5
"low2298",38,2.5
"low2299",40,6.96198490740555
"low23",34,0.0496296933010442
"low230",34,0.0496296933010442
"low2300",21,0.174969387969941
"low2301",41,0.106286795757474
"low2302",40,6.96198490740555
"low2303",23,0.195290625734048
"low2304",21,0.174969387969941
"low2305",37,4
"low2306",37,4
"low2307",39,6.27029602260378
"low2308",42,0.185291711866986
"low2309",21,0.174969387969941
"low231",35,0.122643947648726
"low2310",44,0.08229957
"low2311",37,4
"low2312",21,0.174969387969941
"low2313",22,0.1585275019832
"low2314",24,0.200014840066845
"low2315",38,2.5
"low2316",43,0.195466539541223
"low2317",21,0.174969387969941
"low2318",39,6.27029602260378
"low2319",24,0.200014840066845
"low232",57,0.5
"low2320",39,6.27029602260378
"low2321",42,0.185291711866986
"low2322",38,2.5
"low2323",40,6.96198490740555
"low2324",40,6.96198490740555
"low2325",43,0.195466539541223
"low2326",37,4
"low2327",44,0.08229957
"low2328",21,0.174969387969941
"low2329",37,4
"low233",58,1
"low2330",39,6.27029602260378
"low2331",24,0.200014840066845
"low2332",43,0.195466539541223
"low2333",23,0.195290625734048
"low2334",42,0.185291711866986
"low2335",21,0.174969387969941
"low2336",22,0.1585275019832
"low2337",41,0.106286795757474
"low2338",37,4
"low2339",38,2.5
"low234",31,2
"low2340",43,0.195466539541223
"low2341",23,0.195290625734048
"low2342",21,0.174969387969941
"low2343",44,0.08229957
"low2344",40,6.96198490740555
"low2345",37,4
"low2346",24,0.200014840066845
"low2347",23,0.195290625734048
"low2348",40,6.96198490740555
"low2349",44,0.08229957
"low235",36,0.0940840672965854
"low2350",41,0.106286795757474
"low2351",38,2.5
"low2352",44,0.08229957
"low2353",40,6.96198490740555
"low2354",38,2.5
"low2355",41,0.106286795757474
"low2356",40,6.96198490740555
"low2357",41,0.106286795757474
"low2358",41,0.106286795757474
"low2359",43,0.195466539541223
"low236",31,2
"low2360",38,2.5
"low2361",39,6.27029602260378
"low2362",37,4
"low2363",43,0.195466539541223
"low2364",22,0.1585275019832
"low2365",41,0.106286795757474
"low2366",44,0.08229957
"low2367",22,0.1585275019832
"low2368",23,0.195290625734048
"low2369",42,0.185291711866986
"low237",61,2
"low2370",40,6.96198490740555
"low2371",22,0.1585275019832
"low2372",37,4
"low2373",37,4
"low2374",42,0.185291711866986
"low2375",38,2.5
"low2376",39,6.27029602260378
"low2377",22,0.1585275019832
"low2378",43,0.195466539541223
"low2379",41,0.106286795757474
"low238",64,3.625
"low2380",42,0.185291711866986
"low2381",44,0.08229957
"low2382",21,0.174969387969941
"low2383",44,0.08229957
"low2384",43,0.195466539541223
"low2385",43,0.195466539541223
"low2386",40,6.96198490740555
"low2387",41,0.106286795757474
"low2388",21,0.174969387969941
"low2389",43,0.195466539541223
"low239",29,4
"low2390",39,6.27029602260378
"low2391",21,0.174969387969941
"low2392",24,0.200014840066845
"low2393",38,2.5
"low2394",41,0.106286795757474
"low2395",43,0.195466539541223
"low2396",37,4
"low2397",21,0.174969387969941
"low2398",41,0.106286795757474
"low2399",42,0.185291711866986
"low24",29,4
"low240",63,-2
"low2400",43,0.195466539541223
"low2401",41,0.106286795757474
"low2402",42,0.185291711866986
"low2403",41,0.106286795757474
"low2404",40,6.96198490740555
"low2405",40,6.96198490740555
"low2406",41,0.106286795757474
"low2407",44,0.08229957
"low2408",38,2.5
"low2409",38,2.5
"low241",63,-2
"low2410",23,0.195290625734048
"low2411",40,6.96198490740555
"low2412",39,6.27029602260378
"low2413",42,0.185291711866986
"low2414",39,6.27029602260378
"low2415",44,0.08229957
"low2416",43,0.195466539541223
"low2417",40,6.96198490740555
"low2418",37,4
"low2419",38,2.5
"low242",64,3.625
"low2420",44,0.08229957
"low2421",22,0.1585275019832
"low2422",22,0.1585275019832
"low2423",43,0.195466539541223
"low2424",24,0.200014840066845
"low2425",43,0.195466539541223
"low2426",22,0.1585275019832
"low2427",41,0.106286795757474
"low2428",24,0.200014840066845
"low2429",42,0.185291711866986
"low243",32,2.52739040759141
"low2430",40,6.96198490740555
"low2431",24,0.200014840066845
"low2432",43,0.195466539541223
"low2433",39,6.27029602260378
"low2434",37,4
"low2435",43,0.195466539541223
"low2436",21,0.174969387969941
"low2437",24,0.200014840066845
"low2438",24,0.200014840066845
"low2439",39,6.27029602260378
"low244",63,-2
"low2440",42,0.185291711866986
"low2441",21,0.174969387969941
"low2442",44,0.08229957
"low2443",39,6.27029602260378
"low2444",43,0.195466539541223
"low2445",41,0.106286795757474
"low2446",42,0.185291711866986
"low2447",39,6.27029602260378
"low2448",37,4
"low2449",38,2.5
"low245",19,0.120725663548369
"low2450",42,0.185291711866986
"low2451",23,0.195290625734048
"low2452",23,0.195290625734048
"low2453",41,0.106286795757474
"low2454",41,0.106286795757474
"low2455",44,0.08229957
"low2456",22,0.1585275019832
"low2457",21,0.174969387969941
"low2458",40,6.96198490740555
"low2459",23,0.195290625734048
"low246",18,0.147047058600875
"low2460",44,0.08229957
"low2461",40,6.96198490740555
"low2462",22,0.1585275019832
"low2463",23,0.195290625734048
"low2464",24,0.200014840066845
"low2465",40,6.96198490740555
"low2466",21,0.174969387969941
"low2467",37,4
"low2468",44,0.08229957
"low2469",22,0.1585275019832
"low247",17,0.106696525376334
"low2470",23,0.195290625734048
"low2471",43,0.195466539541223
"low2472",38,2.5
"low2473",21,0.174969387969941
"low2474",24,0.200014840066845
"low2475",43,0.195466539541223
"low2476",38,2.5
"low2477",43,0.195466539541223
"low2478",23,0.195290625734048
"low2479",22,0.1585275019832
"low248",61,2
"low2480",22,0.1585275019832
"low2481",38,2.5
"low2482",37,4
"low2483",43,0.195466539541223
"low2484",39,6.27029602260378
"low2485",23,0.195290625734048
"low2486",23,0.195290625734048
"low2487",24,0.200014840066845
"low2488",44,0.08229957
"low2489",37,4
"low249",61,2
"low2490",24,0.200014840066845
"low2491",37,4
"low2492",41,0.106286795757474
"low2493",38,2.5
"low2494",42,0.185291711866986
"low2495",38,2.5
"low2496",21,0.174969387969941
"low2497",42,0.185291711866986
"low2498",42,0.185291711866986
"low2499",44,0.08229957
"low25",36,0.0940840672965854
"low250",31,2
"low2500",22,0.1585275019832
"low2501",37,4
"low2502",43,0.195466539541223
"low2503",40,6.96198490740555
"low2504",21,0.174969387969941
"low2505",39,6.27029602260378
"low2506",44,0.08229957
"low2507",41,0.106286795757474
"low2508",24,0.200014840066845
"low2509",22,0.1585275019832
"low251",33,0.0995898753689496
"low2510",22,0.1585275019832
"low2511",37,4
"low2512",24,0.200014840066845
"low2513",21,0.174969387969941
"low2514",40,6.96198490740555
"low2515",43,0.195466539541223
"low2516",38,2.5
"low2517",40,6.96198490740555
"low2518",40,6.96198490740555
"low2519",21,0.174969387969941
"low252",30,10
"low2520",38,2.5
"low2521",24,0.200014840066845
"low2522",39,6.27029602260378
"low2523",40,6.96198490740555
"low2524",21,0.174969387969941
"low2525",22,0.1585275019832
"low2526",37,4
"low2527",21,0.174969387969941
"low2528",42,0.185291711866986
"low2529",43,0.195466539541223
"low253",20,0.156759654487529
"low2530",43,0.195466539541223
"low2531",40,6.96198490740555
"low2532",23,0.195290625734048
"low2533",24,0.200014840066845
"low2534",39,6.27029602260378
"low2535",43,0.195466539541223
"low2536",21,0.174969387969941
"low2537",24,0.200014840066845
"low2538",44,0.08229957
"low2539",23,0.195290625734048
"low254",64,3.625
"low2540",44,0.08229957
"low2541",21,0.174969387969941
"low2542",44,0.08229957
"low2543",21,0.174969387969941
"low2544",39,6.27029602260378
"low2545",23,0.195290625734048
"low2546",22,0.1585275019832
"low2547",43,0.195466539541223
"low2548",38,2.5
"low2549",24,0.200014840066845
"low255",64,3.625
"low2550",40,6.96198490740555
"low2551",40,6.96198490740555
"low2552",24,0.200014840066845
"low2553",24,0.200014840066845
"low2554",21,0.174969387969941
"low2555",22,0.1585275019832
"low2556",43,0.195466539541223
"low2557",21,0.174969387969941
"low2558",43,0.195466539541223
"low2559",22,0.1585275019832
"low256",60,1.6862483115362
"low2560",24,0.200014840066845
"low2561",42,0.185291711866986
"low2562",21,0.174969387969941
"low2563",22,0.1585275019832
"low2564",21,0.174969387969941
"low2565",39,6.27029602260378
"low2566",22,0.1585275019832
"low2567",23,0.195290625734048
"low2568",39,6.27029602260378
"low2569",24,0.200014840066845
"low257",34,0.0496296933010442
"low2570",22,0.1585275019832
"low2571",23,0.195290625734048
"low2572",40,6.96198490740555
"low2573",23,0.195290625734048
"low2574",37,4
"low2575",41,0.106286795757474
"low2576",24,0.200014840066845
"low2577",22,0.1585275019832
"low2578",37,4
"low2579",42,0.185291711866986
"low258",29,4
"low2580",43,0.195466539541223
"low2581",21,0.174969387969941
"low2582",39,6.27029602260378
"low2583",42,0.185291711866986
"low2584",23,0.195290625734048
"low2585",21,0.174969387969941
"low2586",37,4
"low2587",23,0.195290625734048
"low2588",23,0.195290625734048
"low2589",24,0.200014840066845
"low259",63,-2
"low2590",44,0.08229957
"low2591",38,2.5
"low2592",40,6.96198490740555
"low2593",40,6.96198490740555
"low2594",22,0.1585275019832
"low2595",37,4
"low2596",23,0.195290625734048
"low2597",21,0.174969387969941
"low2598",24,0.200014840066845
"low2599",39,6.27029602260378
"low26",61,2
"low260",35,0.122643947648726
"low2600",42,0.185291711866986
"low2601",41,0.106286795757474
"low2602",21,0.174969387969941
"low2603",39,6.27029602260378
"low2604",39,6.27029602260378
"low2605",37,4
"low2606",24,0.200014840066845
"low2607",39,6.27029602260378
"low2608",37,4
"low2609",40,6.96198490740555
"low261",19,0.120725663548369
"low2610",37,4
"low2611",23,0.195290625734048
"low2612",22,0.1585275019832
"low2613",41,0.106286795757474
"low2614",40,6.96198490740555
"low2615",23,0.195290625734048
"low2616",41,0.106286795757474
"low2617",22,0.1585275019832
"low2618",42,0.185291711866986
"low2619",24,0.200014840066845
"low262",34,0.0496296933010442
"low2620",42,0.185291711866986
"low2621",42,0.185291711866986
"low2622",41,0.106286795757474
"low2623",37,4
"low2624",38,2.5
"low2625",43,0.195466539541223
"low2626",37,4
"low2627",42,0.185291711866986
"low2628",38,2.5
"low2629",39,6.27029602260378
"low263",32,2.52739040759141
"low2630",37,4
"low2631",22,0.1585275019832
"low2632",24,0.200014840066845
"low2633",24,0.200014840066845
"low2634",21,0.174969387969941
"low2635",42,0.185291711866986
"low2636",42,0.185291711866986
"low2637",38,2.5
"low2638",42,0.185291711866986
"low2639",42,0.185291711866986
"low264",60,1.6862483115362
"low2640",44,0.08229957
"low2641",38,2.5
"low2642",24,0.200014840066845
"low2643",41,0.106286795757474
"low2644",41,0.106286795757474
"low2645",21,0.174969387969941
"low2646",44,0.08229957
"low2647",40,6.96198490740555
"low2648",24,0.200014840066845
"low2649",21,0.174969387969941
"low265",34,0.0496296933010442
"low2650",37,4
"low2651",39,6.27029602260378
"low2652",24,0.200014840066845
"low2653",37,4
"low2654",43,0.195466539541223
"low2655",39,6.27029602260378
"low2656",41,0.106286795757474
"low2657",44,0.08229957
"low2658",42,0.185291711866986
"low2659",24,0.200014840066845
"low266",33,0.0995898753689496
"low2660",38,2.5
"low2661",44,0.08229957
"low2662",39,6.27029602260378
"low2663",38,2.5
"low2664",38,2.5
"low2665",41,0.106286795757474
"low2666",24,0.200014840066845
"low2667",22,0.1585275019832
"low2668",44,0.08229957
"low2669",21,0.174969387969941
"low267",58,1
"low2670",22,0.1585275019832
"low2671",38,2.5
"low2672",41,0.106286795757474
"low2673",23,0.195290625734048
"low2674",24,0.200014840066845
"low2675",43,0.195466539541223
"low2676",44,0.08229957
"low2677",38,2.5
"low2678",38,2.5
"low2679",43,0.195466539541223
"low268",64,3.625
"low2680",38,2.5
"low2681",24,0.200014840066845
"low2682",37,4
"low2683",38,2.5
"low2684",22,0.1585275019832
"low2685",42,0.185291711866986
"low2686",40,6.96198490740555
"low2687",44,0.08229957
"low2688",40,6.96198490740555
"low2689",21,0.174969387969941
"low269",62,2
"low2690",24,0.200014840066845
"low2691",23,0.195290625734048
"low2692",43,0.195466539541223
"low2693",22,0.1585275019832
"low2694",42,0.185291711866986
"low2695",40,6.96198490740555
"low2696",23,0.195290625734048
"low2697",41,0.106286795757474
"low2698",23,0.195290625734048
"low2699",42,0.185291711866986
"low27",58,1
"low270",62,2
"low2700",39,6.27029602260378
"low2701",38,2.5
"low2702",22,0.1585275019832
"low2703",38,2.5
"low2704",38,2.5
"low2705",37,4
"low2706",23,0.195290625734048
"low2707",44,0.08229957
"low2708",42,0.185291711866986
"low2709",23,0.195290625734048
"low271",29,4
"low2710",43,0.195466539541223
"low2711",23,0.195290625734048
"low2712",42,0.185291711866986
"low2713",40,6.96198490740555
"low2714",39,6.27029602260378
"low2715",23,0.195290625734048
"low2716",43,0.195466539541223
"low2717",22,0.1585275019832
"low2718",41,0.106286795757474
"low2719",38,2.5
"low272",58,1
"low2720",40,6.96198490740555
"low2721",37,4
"low2722",24,0.200014840066845
"low2723",41,0.106286795757474
"low2724",22,0.1585275019832
"low2725",42,0.185291711866986
"low2726",44,0.08229957
"low2727",43,0.195466539541223
"low2728",24,0.200014840066845
"low2729",41,0.106286795757474
"low273",63,-2
"low2730",38,2.5
"low2731",43,0.195466539541223
"low2732",38,2.5
"low2733",40,6.96198490740555
"low2734",39,6.27029602260378
"low2735",22,0.1585275019832
"low2736",38,2.5
"low2737",41,0.106286795757474
"low2738",42,0.185291711866986
"low2739",41,0.106286795757474
"low274",60,1.6862483115362
"low2740",37,4
"low2741",43,0.195466539541223
"low2742",24,0.200014840066845
"low2743",37,4
"low2744",21,0.174969387969941
"low2745",39,6.27029602260378
"low2746",21,0.174969387969941
"low2747",38,2.5
"low2748",44,0.08229957
"low2749",24,0.200014840066845
"low275",36,0.0940840672965854
"low2750",37,4
"low2751",37,4
"low2752",38,2.5
"low2753",38,2.5
"low2754",23,0.195290625734048
"low2755",39,6.27029602260378
"low2756",41,0.106286795757474
"low2757",21,0.174969387969941
"low2758",21,0.174969387969941
"low2759",23,0.195290625734048
"low276",36,0.0940840672965854
"low2760",24,0.200014840066845
"low2761",42,0.185291711866986
"low2762",40,6.96198490740555
"low2763",43,0.195466539541223
"low2764",24,0.200014840066845
"low2765",24,0.200014840066845
"low2766",39,6.27029602260378
"low2767",42,0.185291711866986
"low2768",42,0.185291711866986
"low2769",24,0.200014840066845
"low277",36,0.0940840672965854
"low2770",41,0.106286795757474
"low2771",40,6.96198490740555
"low2772",42,0.185291711866986
"low2773",24,0.200014840066845
"low2774",39,6.27029602260378
"low2775",38,2.5
"low2776",39,6.27029602260378
"low2777",38,2.5
"low2778",40,6.96198490740555
"low2779",37,4
"low278",58,1
"low2780",38,2.5
"low2781",42,0.185291711866986
"low2782",24,0.200014840066845
"low2783",23,0.195290625734048
"low2784",38,2.5
"low2785",41,0.106286795757474
"low2786",23,0.195290625734048
"low2787",44,0.08229957
"low2788",42,0.185291711866986
"low2789",22,0.1585275019832
"low279",20,0.156759654487529
"low2790",44,0.08229957
"low2791",21,0.174969387969941
"low2792",38,2.5
"low2793",23,0.195290625734048
"low2794",21,0.174969387969941
"low2795",42,0.185291711866986
"low2796",24,0.200014840066845
"low2797",40,6.96198490740555
"low2798",38,2.5
"low2799",42,0.185291711866986
"low28",61,2
"low280",63,-2
"low2800",43,0.195466539541223
"low2801",44,0.08229957
"low2802",24,0.200014840066845
"low2803",38,2.5
"low2804",42,0.185291711866986
"low2805",44,0.08229957
"low2806",44,0.08229957
"low2807",43,0.195466539541223
"low2808",23,0.195290625734048
"low2809",40,6.96198490740555
"low281",59,-0.8
"low2810",41,0.106286795757474
"low2811",23,0.195290625734048
"low2812",24,0.200014840066845
"low2813",23,0.195290625734048
"low2814",43,0.195466539541223
"low2815",22,0.1585275019832
"low2816",23,0.195290625734048
"low2817",43,0.195466539541223
"low2818",41,0.106286795757474
"low2819",42,0.185291711866986
"low282",60,1.6862483115362
"low2820",41,0.106286795757474
"low2821",37,4
"low2822",43,0.195466539541223
"low2823",37,4
"low2824",39,6.27029602260378
"low2825",23,0.195290625734048
"low2826",40,6.96198490740555
"low2827",24,0.200014840066845
"low2828",23,0.195290625734048
"low2829",24,0.200014840066845
"low283",33,0.0995898753689496
"low2830",44,0.08229957
"low2831",38,2.5
"low2832",37,4
"low2833",39,6.27029602260378
"low2834",37,4
"low2835",43,0.195466539541223
"low2836",21,0.174969387969941
"low2837",43,0.195466539541223
"low2838",44,0.08229957
"low2839",22,0.1585275019832
"low284",62,2
"low2840",22,0.1585275019832
"low2841",23,0.195290625734048
"low2842",40,6.96198490740555
"low2843",22,0.1585275019832
"low2844",42,0.185291711866986
"low2845",39,6.27029602260378
"low2846",39,6.27029602260378
"low2847",23,0.195290625734048
"low2848",37,4
"low2849",37,4
"low285",62,2
"low2850",38,2.5
"low2851",42,0.185291711866986
"low2852",21,0.174969387969941
"low2853",44,0.08229957
"low2854",39,6.27029602260378
"low2855",23,0.195290625734048
"low2856",41,0.106286795757474
"low2857",37,4
"low2858",44,0.08229957
"low2859",44,0.08229957
"low286",20,0.156759654487529
"low2860",41,0.106286795757474
"low2861",38,2.5
"low2862",42,0.185291711866986
"low2863",43,0.195466539541223
"low2864",21,0.174969387969941
"low2865",42,0.185291711866986
"low2866",43,0.195466539541223
"low2867",44,0.08229957
"low2868",23,0.195290625734048
"low2869",43,0.195466539541223
"low287",32,2.52739040759141
"low2870",22,0.1585275019832
"low2871",22,0.1585275019832
"low2872",24,0.200014840066845
"low2873",38,2.5
"low2874",40,6.96198490740555
"low2875",44,0.08229957
"low2876",42,0.185291711866986
"low2877",41,0.106286795757474
"low2878",43,0.195466539541223
"low2879",37,4
"low288",35,0.122643947648726
"low2880",37,4
"low2881",23,0.195290625734048
"low2882",21,0.174969387969941
"low2883",37,4
"low2884",24,0.200014840066845
"low2885",21,0.174969387969941
"low2886",40,6.96198490740555
"low2887",22,0.1585275019832
"low2888",40,6.96198490740555
"low2889",42,0.185291711866986
"low289",20,0.156759654487529
"low2890",23,0.195290625734048
"low2891",43,0.195466539541223
"low2892",42,0.185291711866986
"low2893",38,2.5
"low2894",42,0.185291711866986
"low2895",39,6.27029602260378
"low2896",39,6.27029602260378
"low2897",24,0.200014840066845
"low2898",21,0.174969387969941
"low2899",21,0.174969387969941
"low29",18,0.147047058600875
"low290",35,0.122643947648726
"low2900",22,0.1585275019832
"low2901",38,2.5
"low2902",21,0.174969387969941
"low2903",42,0.185291711866986
"low2904",40,6.96198490740555
"low2905",23,0.195290625734048
"low2906",39,6.27029602260378
"low2907",44,0.08229957
"low2908",22,0.1585275019832
"low2909",22,0.1585275019832
"low291",35,0.122643947648726
"low2910",38,2.5
"low2911",42,0.185291711866986
"low2912",43,0.195466539541223
"low2913",42,0.185291711866986
"low2914",22,0.1585275019832
"low2915",22,0.1585275019832
"low2916",38,2.5
"low2917",42,0.185291711866986
"low2918",44,0.08229957
"low2919",41,0.106286795757474
"low292",34,0.0496296933010442
"low2920",43,0.195466539541223
"low2921",42,0.185291711866986
"low2922",21,0.174969387969941
"low2923",40,6.96198490740555
"low2924",22,0.1585275019832
"low2925",44,0.08229957
"low2926",23,0.195290625734048
"low2927",24,0.200014840066845
"low2928",43,0.195466539541223
"low2929",44,0.08229957
"low293",17,0.106696525376334
"low2930",41,0.106286795757474
"low2931",38,2.5
"low2932",23,0.195290625734048
"low2933",40,6.96198490740555
"low2934",41,0.106286795757474
"low2935",41,0.106286795757474
"low2936",21,0.174969387969941
"low2937",23,0.195290625734048
"low2938",22,0.1585275019832
"low2939",44,0.08229957
"low294",60,1.6862483115362
"low2940",23,0.195290625734048
"low2941",44,0.08229957
"low2942",38,2.5
"low2943",44,0.08229957
"low2944",23,0.195290625734048
"low2945",39,6.27029602260378
"low2946",22,0.1585275019832
"low2947",44,0.08229957
"low2948",22,0.1585275019832
"low2949",44,0.08229957
"low295",31,2
"low2950",39,6.27029602260378
"low2951",22,0.1585275019832
"low2952",24,0.200014840066845
"low2953",22,0.1585275019832
"low2954",41,0.106286795757474
"low2955",37,4
"low2956",41,0.106286795757474
"low2957",39,6.27029602260378
"low2958",44,0.08229957
"low2959",42,0.185291711866986
"low296",32,2.52739040759141
"low2960",39,6.27029602260378
"low2961",41,0.106286795757474
"low2962",21,0.174969387969941
"low2963",39,6.27029602260378
"low2964",43,0.195466539541223
"low2965",37,4
"low2966",44,0.08229957
"low2967",23,0.195290625734048
"low2968",21,0.174969387969941
"low2969",41,0.106286795757474
"low297",64,3.625
"low2970",43,0.195466539541223
"low2971",37,4
"low2972",42,0.185291711866986
"low2973",43,0.195466539541223
"low2974",24,0.200014840066845
"low2975",21,0.174969387969941
"low2976",42,0.185291711866986
"low2977",38,2.5
"low2978",24,0.200014840066845
"low2979",39,6.27029602260378
"low298",64,3.625
"low2980",42,0.185291711866986
"low2981",41,0.106286795757474
"low2982",44,0.08229957
"low2983",21,0.174969387969941
"low2984",23,0.195290625734048
"low2985",41,0.106286795757474
"low2986",42,0.185291711866986
"low2987",44,0.08229957
"low2988",42,0.185291711866986
"low2989",22,0.1585275019832
"low299",35,0.122643947648726
"low2990",41,0.106286795757474
"low2991",24,0.200014840066845
"low2992",38,2.5
"low2993",44,0.08229957
"low2994",23,0.195290625734048
"low2995",22,0.1585275019832
"low2996",24,0.200014840066845
"low2997",22,0.1585275019832
"low2998",41,0.106286795757474
"low2999",39,6.27029602260378
"low3",57,0.5
"low30",35,0.122643947648726
"low300",57,0.5
"low3000",41,0.106286795757474
"low3001",44,0.08229957
"low3002",23,0.195290625734048
"low3003",21,0.174969387969941
"low3004",39,6.27029602260378
"low3005",40,6.96198490740555
"low3006",37,4
"low3007",21,0.174969387969941
"low3008",43,0.195466539541223
"low3009",40,6.96198490740555
"low301",20,0.156759654487529
"low3010",22,0.1585275019832
"low3011",40,6.96198490740555
"low3012",38,2.5
"low3013",43,0.195466539541223
"low3014",39,6.27029602260378
"low3015",22,0.1585275019832
"low3016",42,0.185291711866986
"low3017",40,6.96198490740555
"low3018",43,0.195466539541223
"low3019",22,0.1585275019832
"low302",57,0.5
"low3020",24,0.200014840066845
"low3021",40,6.96198490740555
"low3022",38,2.5
"low3023",41,0.106286795757474
"low3024",23,0.195290625734048
"low3025",37,4
"low3026",38,2.5
"low3027",39,6.27029602260378
"low3028",38,2.5
"low3029",22,0.1585275019832
"low303",33,0.0995898753689496
"low3030",44,0.08229957
"low3031",38,2.5
"low3032",43,0.195466539541223
"low3033",43,0.195466539541223
"low3034",43,0.195466539541223
"low3035",41,0.106286795757474
"low3036",22,0.1585275019832
"low3037",44,0.08229957
"low3038",39,6.27029602260378
"low3039",24,0.200014840066845
"low304",62,2
"low3040",41,0.106286795757474
"low3041",44,0.08229957
"low3042",44,0.08229957
"low3043",22,0.1585275019832
"low3044",22,0.1585275019832
"low3045",44,0.08229957
"low3046",23,0.195290625734048
"low3047",40,6.96198490740555
"low3048",43,0.195466539541223
"low3049",38,2.5
"low305",57,0.5
"low3050",39,6.27029602260378
"low3051",42,0.185291711866986
"low3052",21,0.174969387969941
"low3053",39,6.27029602260378
"low3054",21,0.174969387969941
"low3055",37,4
"low3056",42,0.185291711866986
"low3057",43,0.195466539541223
"low3058",22,0.1585275019832
"low3059",21,0.174969387969941
"low306",64,3.625
"low3060",38,2.5
"low3061",24,0.200014840066845
"low3062",23,0.195290625734048
"low3063",41,0.106286795757474
"low3064",39,6.27029602260378
"low3065",21,0.174969387969941
"low3066",43,0.195466539541223
"low3067",23,0.195290625734048
"low3068",40,6.96198490740555
"low3069",21,0.174969387969941
"low307",31,2
"low3070",22,0.1585275019832
"low3071",24,0.200014840066845
"low3072",22,0.1585275019832
"low3073",44,0.08229957
"low3074",39,6.27029602260378
"low3075",21,0.174969387969941
"low3076",42,0.185291711866986
"low3077",39,6.27029602260378
"low3078",40,6.96198490740555
"low3079",44,0.08229957
"low308",34,0.0496296933010442
"low3080",44,0.08229957
"low3081",40,6.96198490740555
"low3082",42,0.185291711866986
"low3083",44,0.08229957
"low3084",42,0.185291711866986
"low3085",22,0.1585275019832
"low3086",40,6.96198490740555
"low3087",40,6.96198490740555
"low3088",41,0.106286795757474
"low3089",43,0.195466539541223
"low309",60,1.6862483115362
"low3090",42,0.185291711866986
"low3091",41,0.106286795757474
"low3092",37,4
"low3093",21,0.174969387969941
"low3094",22,0.1585275019832
"low3095",40,6.96198490740555
"low3096",39,6.27029602260378
"low3097",24,0.200014840066845
"low3098",40,6.96198490740555
"low3099",40,6.96198490740555
"low31",62,2
"low310",59,-0.8
"low3100",24,0.200014840066845
"low3101",38,2.5
"low3102",43,0.195466539541223
"low3103",39,6.27029602260378
"low3104",42,0.185291711866986
"low3105",44,0.08229957
"low3106",44,0.08229957
"low3107",37,4
"low3108",37,4
"low3109",23,0.195290625734048
"low311",64,3.625
"low3110",41,0.106286795757474
"low3111",40,6.96198490740555
"low3112",41,0.106286795757474
"low3113",42,0.185291711866986
"low3114",24,0.200014840066845
"low3115",40,6.96198490740555
"low3116",41,0.106286795757474
"low3117",24,0.200014840066845
"low3118",38,2.5
"low3119",24,0.200014840066845
"low312",36,0.0940840672965854
"low3120",24,0.200014840066845
"low3121",43,0.195466539541223
"low3122",39,6.27029602260378
"low3123",40,6.96198490740555
"low3124",40,6.96198490740555
"low3125",41,0.106286795757474
"low3126",22,0.1585275019832
"low3127",40,6.96198490740555
"low3128",38,2.5
"low3129",40,6.96198490740555
"low313",33,0.0995898753689496
"low3130",41,0.106286795757474
"low3131",37,4
"low3132",42,0.185291711866986
"low3133",37,4
"low3134",37,4
"low3135",44,0.08229957
"low3136",38,2.5
"low3137",41,0.106286795757474
"low3138",21,0.174969387969941
"low3139",22,0.1585275019832
"low314",63,-2
"low3140",37,4
"low3141",22,0.1585275019832
"low3142",37,4
"low3143",41,0.106286795757474
"low3144",44,0.08229957
"low3145",37,4
"low3146",42,0.185291711866986
"low3147",41,0.106286795757474
"low3148",23,0.195290625734048
"low3149",39,6.27029602260378
"low315",59,-0.8
"low3150",44,0.08229957
"low3151",24,0.200014840066845
"low3152",21,0.174969387969941
"low3153",42,0.185291711866986
"low3154",23,0.195290625734048
"low3155",39,6.27029602260378
"low3156",23,0.195290625734048
"low3157",24,0.200014840066845
"low3158",22,0.1585275019832
"low3159",21,0.174969387969941
"low316",57,0.5
"low3160",38,2.5
"low3161",44,0.08229957
"low3162",44,0.08229957
"low3163",43,0.195466539541223
"low3164",21,0.174969387969941
"low3165",21,0.174969387969941
"low3166",40,6.96198490740555
"low3167",22,0.1585275019832
"low3168",39,6.27029602260378
"low3169",37,4
"low317",20,0.156759654487529
"low3170",21,0.174969387969941
"low3171",22,0.1585275019832
"low3172",21,0.174969387969941
"low3173",39,6.27029602260378
"low3174",37,4
"low3175",21,0.174969387969941
"low3176",38,2.5
"low3177",22,0.1585275019832
"low3178",43,0.195466539541223
"low3179",21,0.174969387969941
"low318",64,3.625
"low3180",44,0.08229957
"low3181",39,6.27029602260378
"low3182",43,0.195466539541223
"low3183",22,0.1585275019832
"low3184",44,0.08229957
"low3185",22,0.1585275019832
"low3186",23,0.195290625734048
"low3187",37,4
"low3188",42,0.185291711866986
"low3189",24,0.200014840066845
"low319",19,0.120725663548369
"low3190",24,0.200014840066845
"low3191",44,0.08229957
"low3192",43,0.195466539541223
"low3193",43,0.195466539541223
"low3194",37,4
"low3195",23,0.195290625734048
"low3196",38,2.5
"low3197",37,4
"low3198",42,0.185291711866986
"low3199",37,4
"low32",63,-2
"low320",31,2
"low3200",43,0.195466539541223
"low321",35,0.122643947648726
"low322",33,0.0995898753689496
"low323",61,2
"low324",63,-2
"low325",30,10
"low326",19,0.120725663548369
"low327",58,1
"low328",17,0.106696525376334
"low329",35,0.122643947648726
"low33",30,10
"low330",33,0.0995898753689496
"low331",64,3.625
"low332",32,2.52739040759141
"low333",36,0.0940840672965854
"low334",30,10
"low335",62,2
"low336",32,2.52739040759141
"low337",62,2
"low338",20,0.156759654487529
"low339",32,2.52739040759141
"low34",61,2
"low340",57,0.5
"low341",33,0.0995898753689496
"low342",59,-0.8
"low343",17,0.106696525376334
"low344",63,-2
"low345",17,0.106696525376334
"low346",19,0.120725663548369
"low347",29,4
"low348",58,1
"low349",36,0.0940840672965854
"low35",58,1
"low350",32,2.52739040759141
"low351",17,0.106696525376334
"low352",57,0.5
"low353",64,3.625
"low354",31,2
"low355",29,4
"low356",30,10
"low357",32,2.52739040759141
"low358",60,1.6862483115362
"low359",57,0.5
"low36",58,1
"low360",62,2
"low361",60,1.6862483115362
"low362",32,2.52739040759141
"low363",30,10
"low364",29,4
"low365",57,0.5
"low366",17,0.106696525376334
"low367",17,0.106696525376334
"low368",60,1.6862483115362
"low369",62,2
"low37",31,2
"low370",60,1.6862483115362
"low371",59,-0.8
"low372",33,0.0995898753689496
"low373",20,0.156759654487529
"low374",60,1.6862483115362
"low375",60,1.6862483115362
"low376",35,0.122643947648726
"low377",59,-0.8
"low378",20,0.156759654487529
"low379",29,4
"low38",61,2
"low380",34,0.0496296933010442
"low381",61,2
"low382",17,0.106696525376334
"low383",63,-2
"low384",18,0.147047058600875
"low385",63,-2
"low386",63,-2
"low387",18,0.147047058600875
"low388",34,0.0496296933010442
"low389",62,2
"low39",32,2.52739040759141
"low390",36,0.0940840672965854
"low391",20,0.156759654487529
"low392",36,0.0940840672965854
"low393",35,0.122643947648726
"low394",17,0.106696525376334
"low395",59,-0.8
"low396",17,0.106696525376334
"low397",62,2
"low398",34,0.0496296933010442
"low399",29,4
"low4",32,2.52739040759141
"low40",60,1.6862483115362
"low400",57,0.5
"low401",63,-2
"low402",17,0.106696525376334
"low403",64,3.625
"low404",60,1.6862483115362
"low405",17,0.106696525376334
"low406",33,0.0995898753689496
"low407",19,0.120725663548369
"low408",19,0.120725663548369
"low409",59,-0.8
"low41",34,0.0496296933010442
"low410",29,4
"low411",61,2
"low412",20,0.156759654487529
"low413",33,0.0995898753689496
"low414",60,1.6862483115362
"low415",57,0.5
"low416",60,1.6862483115362
"low417",36,0.0940840672965854
"low418",31,2
"low419",35,0.122643947648726
"low42",30,10
"low420",34,0.0496296933010442
"low421",64,3.625
"low422",36,0.0940840672965854
"low423",34,0.0496296933010442
"low424",20,0.156759654487529
"low425",32,2.52739040759141
"low426",30,10
"low427",34,0.0496296933010442
"low428",59,-0.8
"low429",20,0.156759654487529
"low43",59,-0.8
"low430",61,2
"low431",34,0.0496296933010442
"low432",34,0.0496296933010442
"low433",63,-2
"low434",20,0.156759654487529
"low435",18,0.147047058600875
"low436",34,0.0496296933010442
"low437",33,0.0995898753689496
"low438",35,0.122643947648726
"low439",62,2
"low44",20,0.156759654487529
"low440",20,0.156759654487529
"low441",31,2
"low442",63,-2
"low443",31,2
"low444",63,-2
"low445",19,0.120725663548369
"low446",59,-0.8
"low447",36,0.0940840672965854
"low448",18,0.147047058600875
"low449",36,0.0940840672965854
"low45",35,0.122643947648726
"low450",32,2.52739040759141
"low451",20,0.156759654487529
"low452",64,3.625
"low453",61,2
"low454",20,0.156759654487529
"low455",33,0.0995898753689496
"low456",35,0.122643947648726
"low457",32,2.52739040759141
"low458",29,4
"low459",18,0.147047058600875
"low46",58,1
"low460",17,0.106696525376334
"low461",60,1.6862483115362
"low462",57,0.5
"low463",32,2.52739040759141
"low464",32,2.52739040759141
"low465",34,0.0496296933010442
"low466",20,0.156759654487529
"low467",18,0.147047058600875
"low468",30,10
"low469",18,0.147047058600875
"low47",63,-2
"low470",33,0.0995898753689496
"low471",61,2
"low472",33,0.0995898753689496
"low473",31,2
"low474",35,0.122643947648726
"low475",59,-0.8
"low476",30,10
"low477",34,0.0496296933010442
"low478",59,-0.8
"low479",63,-2
"low48",59,-0.8
"low480",19,0.120725663548369
"low481",58,1
"low482",60,1.6862483115362
"low483",32,2.52739040759141
"low484",29,4
"low485",35,0.122643947648726
"low486",64,3.625
"low487",32,2.52739040759141
"low488",17,0.106696525376334
"low489",36,0.0940840672965854
"low49",18,0.147047058600875
"low490",63,-2
"low491",18,0.147047058600875
"low492",32,2.52739040759141
"low493",62,2
"low494",29,4
"low495",61,2
"low496",61,2
"low497",33,0.0995898753689496
"low498",58,1
"low499",34,0.0496296933010442
"low5",31,2
"low50",30,10
"low500",63,-2
"low501",20,0.156759654487529
"low502",18,0.147047058600875
"low503",18,0.147047058600875
"low504",62,2
"low505",20,0.156759654487529
"low506",20,0.156759654487529
"low507",17,0.106696525376334
"low508",35,0.122643947648726
"low509",30,10
"low51",64,3.625
"low510",30,10
"low511",35,0.122643947648726
"low512",17,0.106696525376334
"low513",58,1
"low514",31,2
"low515",17,0.106696525376334
"low516",20,0.156759654487529
"low517",34,0.0496296933010442
"low518",34,0.0496296933010442
"low519",17,0.106696525376334
"low52",63,-2
"low520",64,3.625
"low521",58,1
"low522",31,2
"low523",17,0.106696525376334
"low524",30,10
"low525",60,1.6862483115362
"low526",35,0.122643947648726
"low527",64,3.625
"low528",34,0.0496296933010442
"low529",34,0.0496296933010442
"low53",33,0.0995898753689496
"low530",35,0.122643947648726
"low531",36,0.0940840672965854
"low532",61,2
"low533",36,0.0940840672965854
"low534",63,-2
"low535",60,1.6862483115362
"low536",20,0.156759654487529
"low537",19,0.120725663548369
"low538",59,-0.8
"low539",63,-2
"low54",33,0.0995898753689496
"low540",62,2
"low541",20,0.156759654487529
"low542",33,0.0995898753689496
"low543",31,2
"low544",34,0.0496296933010442
"low545",32,2.52739040759141
"low546",62,2
"low547",36,0.0940840672965854
"low548",18,0.147047058600875
"low549",62,2
"low55",64,3.625
"low550",62,2
"low551",61,2
"low552",64,3.625
"low553",64,3.625
"low554",34,0.0496296933010442
"low555",58,1
"low556",61,2
"low557",63,-2
"low558",30,10
"low559",32,2.52739040759141
"low56",57,0.5
"low560",18,0.147047058600875
"low561",58,1
"low562",57,0.5
"low563",57,0.5
"low564",61,2
"low565",32,2.52739040759141
"low566",58,1
"low567",18,0.147047058600875
"low568",62,2
"low569",58,1
"low57",34,0.0496296933010442
"low570",64,3.625
"low571",35,0.122643947648726
"low572",29,4
"low573",35,0.122643947648726
"low574",61,2
"low575",61,2
"low576",59,-0.8
"low577",30,10
"low578",59,-0.8
"low579",58,1
"low58",58,1
"low580",31,2
"low581",57,0.5
"low582",59,-0.8
"low583",34,0.0496296933010442
"low584",60,1.6862483115362
"low585",20,0.156759654487529
"low586",63,-2
"low587",31,2
"low588",35,0.122643947648726
"low589",18,0.147047058600875
"low59",30,10
"low590",61,2
"low591",58,1
"low592",60,1.6862483115362
"low593",32,2.52739040759141
"low594",36,0.0940840672965854
"low595",60,1.6862483115362
"low596",29,4
"low597",57,0.5
"low598",35,0.122643947648726
"low599",60,1.6862483115362
"low6",34,0.0496296933010442
"low60",32,2.52739040759141
"low600",35,0.122643947648726
"low601",34,0.0496296933010442
"low602",33,0.0995898753689496
"low603",34,0.0496296933010442
"low604",59,-0.8
"low605",33,0.0995898753689496
"low606",29,4
"low607",64,3.625
"low608",59,-0.8
"low609",59,-0.8
"low61",30,10
"low610",19,0.120725663548369
"low611",32,2.52739040759141
"low612",64,3.625
"low613",59,-0.8
"low614",19,0.120725663548369
"low615",34,0.0496296933010442
"low616",19,0.120725663548369
"low617",60,1.6862483115362
"low618",57,0.5
"low619",64,3.625
"low62",18,0.147047058600875
"low620",32,2.52739040759141
"low621",18,0.147047058600875
"low622",62,2
"low623",35,0.122643947648726
"low624",64,3.625
"low625",29,4
"low626",17,0.106696525376334
"low627",61,2
"low628",64,3.625
"low629",63,-2
"low63",61,2
"low630",34,0.0496296933010442
"low631",20,0.156759654487529
"low632",32,2.52739040759141
"low633",63,-2
"low634",58,1
"low635",64,3.625
"low636",35,0.122643947648726
"low637",30,10
"low638",59,-0.8
"low639",18,0.147047058600875
"low64",63,-2
"low640",31,2
"low641",60,1.6862483115362
"low642",36,0.0940840672965854
"low643",31,2
"low644",35,0.122643947648726
"low645",32,2.52739040759141
"low646",18,0.147047058600875
"low647",62,2
"low648",63,-2
"low649",58,1
"low65",19,0.120725663548369
"low650",29,4
"low651",64,3.625
"low652",58,1
"low653",29,4
"low654",36,0.0940840672965854
"low655",30,10
"low656",60,1.6862483115362
"low657",59,-0.8
"low658",36,0.0940840672965854
"low659",61,2
"low66",34,0.0496296933010442
"low660",60,1.6862483115362
"low661",29,4
"low662",29,4
"low663",58,1
"low664",58,1
"low665",31,2
"low666",31,2
"low667",57,0.5
"low668",18,0.147047058600875
"low669",63,-2
"low67",35,0.122643947648726
"low670",17,0.106696525376334
"low671",20,0.156759654487529
"low672",60,1.6862483115362
"low673",64,3.625
"low674",17,0.106696525376334
"low675",58,1
"low676",20,0.156759654487529
"low677",29,4
"low678",58,1
"low679",63,-2
"low68",31,2
"low680",36,0.0940840672965854
"low681",59,-0.8
"low682",58,1
"low683",34,0.0496296933010442
"low684",30,10
"low685",20,0.156759654487529
"low686",32,2.52739040759141
"low687",19,0.120725663548369
"low688",58,1
"low689",17,0.106696525376334
"low69",19,0.120725663548369
"low690",58,1
"low691",64,3.625
"low692",61,2
"low693",19,0.120725663548369
"low694",63,-2
"low695",36,0.0940840672965854
"low696",57,0.5
"low697",34,0.0496296933010442
"low698",33,0.0995898753689496
"low699",17,0.106696525376334
"low7",57,0.5
"low70",32,2.52739040759141
"low700",20,0.156759654487529
"low701",17,0.106696525376334
"low702",18,0.147047058600875
"low703",18,0.147047058600875
"low704",29,4
"low705",61,2
"low706",20,0.156759654487529
"low707",30,10
"low708",35,0.122643947648726
"low709",31,2
"low71",60,1.6862483115362
"low710",57,0.5
"low711",36,0.0940840672965854
"low712",17,0.106696525376334
"low713",61,2
"low714",19,0.120725663548369
"low715",59,-0.8
"low716",64,3.625
"low717",33,0.0995898753689496
"low718",35,0.122643947648726
"low719",63,-2
"low72",34,0.0496296933010442
"low720",31,2
"low721",61,2
"low722",32,2.52739040759141
"low723",31,2
"low724",31,2
"low725",36,0.0940840672965854
"low726",17,0.106696525376334
"low727",58,1
"low728",64,3.625
"low729",64,3.625
"low73",34,0.0496296933010442
"low730",35,0.122643947648726
"low731",33,0.0995898753689496
"low732",59,-0.8
"low733",60,1.6862483115362
"low734",61,2
"low735",59,-0.8
"low736",31,2
"low737",20,0.156759654487529
"low738",31,2
"low739",29,4
"low74",17,0.106696525376334
"low740",64,3.625
"low741",29,4
"low742",57,0.5
"low743",32,2.52739040759141
"low744",61,2
"low745",18,0.147047058600875
"low746",58,1
"low747",61,2
"low748",18,0.147047058600875
"low749",58,1
"low75",32,2.52739040759141
"low750",57,0.5
"low751",17,0.106696525376334
"low752",58,1
"low753",33,0.0995898753689496
"low754",17,0.106696525376334
"low755",57,0.5
"low756",29,4
"low757",32,2.52739040759141
"low758",29,4
"low759",32,2.52739040759141
"low76",31,2
"low760",31,2
"low761",62,2
"low762",59,-0.8
"low763",60,1.6862483115362
"low764",34,0.0496296933010442
"low765",18,0.147047058600875
"low766",30,10
"low767",20,0.156759654487529
"low768",19,0.120725663548369
"low769",17,0.106696525376334
"low77",58,1
"low770",34,0.0496296933010442
"low771",57,0.5
"low772",62,2
"low773",19,0.120725663548369
"low774",62,2
"low775",29,4
"low776",35,0.122643947648726
"low777",30,10
"low778",63,-2
"low779",57,0.5
"low78",61,2
"low780",58,1
"low781",17,0.106696525376334
"low782",57,0.5
"low783",36,0.0940840672965854
"low784",59,-0.8
"low785",32,2.52739040759141
"low786",19,0.120725663548369
"low787",32,2.52739040759141
"low788",29,4
"low789",58,1
"low79",58,1
"low790",33,0.0995898753689496
"low791",58,1
"low792",29,4
"low793",59,-0.8
"low794",64,3.625
"low795",63,-2
"low796",18,0.147047058600875
"low797",36,0.0940840672965854
"low798",58,1
"low799",36,0.0940840672965854
"low8",18,0.147047058600875
"low80",20,0.156759654487529
"low800",57,0.5
"low801",34,0.0496296933010442
"low802",18,0.147047058600875
"low803",20,0.156759654487529
"low804",58,1
"low805",20,0.156759654487529
"low806",20,0.156759654487529
"low807",17,0.106696525376334
"low808",30,10
"low809",62,2
"low81",62,2
"low810",60,1.6862483115362
"low811",64,3.625
"low812",18,0.147047058600875
"low813",20,0.156759654487529
"low814",57,0.5
"low815",62,2
"low816",58,1
"low817",29,4
"low818",57,0.5
"low819",17,0.106696525376334
"low82",57,0.5
"low820",61,2
"low821",34,0.0496296933010442
"low822",31,2
"low823",34,0.0496296933010442
"low824",29,4
"low825",17,0.106696525376334
"low826",17,0.106696525376334
"low827",32,2.52739040759141
"low828",29,4
"low829",59,-0.8
"low83",60,1.6862483115362
"low830",62,2
"low831",63,-2
"low832",17,0.106696525376334
"low833",58,1
"low834",20,0.156759654487529
"low835",64,3.625
"low836",34,0.0496296933010442
"low837",31,2
"low838",63,-2
"low839",31,2
"low84",32,2.52739040759141
"low840",31,2
"low841",31,2
"low842",35,0.122643947648726
"low843",17,0.106696525376334
"low844",36,0.0940840672965854
"low845",33,0.0995898753689496
"low846",36,0.0940840672965854
"low847",34,0.0496296933010442
"low848",19,0.120725663548369
"low849",20,0.156759654487529
"low85",31,2
"low850",60,1.6862483115362
"low851",20,0.156759654487529
"low852",62,2
"low853",20,0.156759654487529
"low854",29,4
"low855",35,0.122643947648726
"low856",30,10
"low857",59,-0.8
"low858",34,0.0496296933010442
"low859",35,0.122643947648726
"low86",32,2.52739040759141
"low860",35,0.122643947648726
"low861",59,-0.8
"low862",30,10
"low863",63,-2
"low864",59,-0.8
"low865",36,0.0940840672965854
"low866",29,4
"low867",18,0.147047058600875
"low868",30,10
"low869",59,-0.8
"low87",29,4
"low870",17,0.106696525376334
"low871",33,0.0995898753689496
"low872",35,0.122643947648726
"low873",64,3.625
"low874",61,2
"low875",34,0.0496296933010442
"low876",62,2
"low877",57,0.5
"low878",57,0.5
"low879",64,3.625
"low88",34,0.0496296933010442
"low880",34,0.0496296933010442
"low881",33,0.0995898753689496
"low882",18,0.147047058600875
"low883",59,-0.8
"low884",29,4
"low885",57,0.5
"low886",30,10
"low887",31,2
"low888",34,0.0496296933010442
"low889",36,0.0940840672965854
"low89",33,0.0995898753689496
"low890",20,0.156759654487529
"low891",30,10
"low892",30,10
"low893",18,0.147047058600875
"low894",33,0.0995898753689496
"low895",33,0.0995898753689496
"low896",61,2
"low897",61,2
"low898",19,0.120725663548369
"low899",34,0.0496296933010442
"low9",64,3.625
"low90",63,-2
"low900",58,1
"low901",64,3.625
"low902",32,2.52739040759141
"low903",58,1
"low904",58,1
"low905",33,0.0995898753689496
"low906",59,-0.8
"low907",61,2
"low908",59,-0.8
"low909",31,2
"low91",36,0.0940840672965854
"low910",32,2.52739040759141
"low911",32,2.52739040759141
"low912",29,4
"low913",57,0.5
"low914",58,1
"low915",35,0.122643947648726
"low916",36,0.0940840672965854
"low917",35,0.122643947648726
"low918",17,0.106696525376334
"low919",18,0.147047058600875
"low92",31,2
"low920",60,1.6862483115362
"low921",58,1
"low922",20,0.156759654487529
"low923",17,0.106696525376334
"low924",59,-0.8
"low925",18,0.147047058600875
"low926",61,2
"low927",18,0.147047058600875
"low928",17,0.106696525376334
"low929",30,10
"low93",20,0.156759654487529
"low930",63,-2
"low931",61,2
"low932",64,3.625
"low933",19,0.120725663548369
"low934",29,4
"low935",57,0.5
"low936",17,0.106696525376334
"low937",57,0.5
"low938",17,0.106696525376334
"low939",19,0.120725663548369
"low94",34,0.0496296933010442
"low940",62,2
"low941",60,1.6862483115362
"low942",33,0.0995898753689496
"low943",63,-2
"low944",30,10
"low945",61,2
"low946",35,0.122643947648726
"low947",18,0.147047058600875
"low948",30,10
"low949",59,-0.8
"low95",59,-0.8
"low950",59,-0.8
"low951",62,2
"low952",57,0.5
"low953",17,0.106696525376334
"low954",64,3.625
"low955",35,0.122643947648726
"low956",57,0.5
"low957",59,-0.8
"low958",32,2.52739040759141
"low959",57,0.5
"low96",29,4
"low960",19,0.120725663548369
"low961",18,0.147047058600875
"low962",19,0.120725663548369
"low963",17,0.106696525376334
"low964",59,-0.8
"low965",31,2
"low966",33,0.0995898753689496
"low967",34,0.0496296933010442
"low968",63,-2
"low969",31,2
"low97",58,1
"low970",60,1.6862483115362
"low971",29,4
"low972",20,0.156759654487529
"low973",30,10
"low974",18,0.147047058600875
"low975",19,0.120725663548369
"low976",31,2
"low977",34,0.0496296933010442
"low978",64,3.625
"low979",61,2
"low98",19,0.120725663548369
"low980",63,-2
"low981",36,0.0940840672965854
"low982",30,10
"low983",17,0.106696525376334
"low984",32,2.52739040759141
"low985",17,0.106696525376334
"low986",20,0.156759654487529
"low987",59,-0.8
"low988",32,2.52739040759141
"low989",31,2
"low99",34,0.0496296933010442
"low990",36,0.0940840672965854
"low991",34,0.0496296933010442
"low992",59,-0.8
"low993",30,10
"low994",19,0.120725663548369
"low995",32,2.52739040759141
"low996",63,-2
"low997",60,1.6862483115362
"low998",17,0.106696525376334
"low999",29,4
